"日期","收盘","开盘","高","低","交易量","涨跌幅"
"2013年1月18日","27.25","27.10","27.29","27.04","52.17M","0.00%"
"2013年1月17日","27.25","27.19","27.47","27.06","51.69M","0.78%"
"2013年1月16日","27.04","27.15","27.23","27.01","41.08M","-0.62%"
"2013年1月15日","27.21","26.83","27.29","26.82","48.24M","1.19%"
"2013年1月14日","26.89","26.90","27.08","26.76","48.32M","0.22%"
"2013年1月11日","26.83","26.49","26.93","26.28","55.52M","1.40%"
"2013年1月10日","26.46","26.65","26.98","26.29","71.43M","-0.90%"
"2013年1月9日","26.70","26.72","26.75","26.56","49.05M","0.56%"
"2013年1月8日","26.55","26.75","26.79","26.46","44.70M","-0.52%"
"2013年1月7日","26.69","26.77","26.88","26.64","37.12M","-0.19%"
"2013年1月4日","26.74","27.27","27.34","26.73","52.52M","-1.87%"
"2013年1月3日","27.25","27.63","27.65","27.16","48.30M","-1.34%"
"2013年1月2日","27.62","27.25","27.73","27.15","52.91M","3.41%"
"2012年12月31日","26.71","26.59","26.77","26.37","42.76M","0.60%"
"2012年12月28日","26.55","26.71","26.90","26.55","28.25M","-1.52%"
"2012年12月27日","26.96","26.89","27.09","26.57","39.39M","0.37%"
"2012年12月26日","26.86","27.03","27.20","26.70","31.64M","-0.74%"
"2012年12月24日","27.06","27.20","27.25","27.00","20.84M","-1.42%"
"2012年12月21日","27.45","27.45","27.49","27.00","98.78M","-0.83%"
"2012年12月20日","27.68","27.36","27.68","27.15","52.61M","1.35%"
"2012年12月19日","27.31","27.69","27.73","27.25","53.52M","-0.91%"
"2012年12月18日","27.56","27.25","27.63","27.14","50.49M","1.73%"
"2012年12月17日","27.09","26.79","27.21","26.68","42.05M","1.04%"
"2012年12月14日","26.81","27.11","27.13","26.70","42.08M","-1.11%"
"2012年12月13日","27.11","27.32","27.52","26.95","45.08M","-0.48%"
"2012年12月12日","27.24","27.53","27.62","27.08","43.97M","-0.29%"
"2012年12月11日","27.32","27.05","27.49","27.05","52.29M","1.41%"
"2012年12月10日","26.94","26.56","26.97","26.52","47.04M","1.85%"
"2012年12月7日","26.45","26.82","26.82","26.37","46.18M","-1.05%"
"2012年12月6日","26.73","26.81","26.98","26.61","39.19M","0.22%"
"2012年12月5日","26.67","26.38","26.93","26.26","68.28M","1.14%"
"2012年12月4日","26.37","26.50","26.63","26.34","49.80M","-0.23%"
"2012年12月3日","26.43","26.78","26.82","26.40","53.17M","-0.68%"
"2012年11月30日","26.61","27.05","27.13","26.49","83.69M","-1.26%"
"2012年11月29日","26.95","27.11","27.36","26.86","69.56M","-1.50%"
"2012年11月28日","27.36","27.01","27.39","26.77","53.02M","1.03%"
"2012年11月27日","27.08","27.36","27.38","27.04","45.02M","-1.13%"
"2012年11月26日","27.39","27.54","27.58","27.17","85.20M","-1.12%"
"2012年11月23日","27.70","27.23","27.77","27.20","57.85M","2.78%"
"2012年11月21日","26.95","26.71","27.17","26.67","66.36M","0.90%"
"2012年11月20日","26.71","26.76","26.80","26.46","47.07M","-0.07%"
"2012年11月19日","26.73","26.80","26.80","26.47","57.18M","0.79%"
"2012年11月16日","26.52","26.67","26.70","26.34","64.09M","-0.53%"
"2012年11月15日","26.66","26.88","26.97","26.63","50.96M","-0.67%"
"2012年11月14日","26.84","27.24","27.29","26.80","76.10M","-0.92%"
"2012年11月13日","27.09","27.02","27.30","26.75","131.69M","-4.00%"
"2012年11月12日","28.22","28.94","29.01","28.21","61.11M","-2.12%"
"2012年11月9日","28.83","28.88","29.19","28.80","43.30M","0.07%"
"2012年11月8日","28.81","29.12","29.37","28.80","49.84M","-0.93%"
"2012年11月7日","29.08","29.53","29.82","29.05","57.88M","-2.61%"
"2012年11月6日","29.86","29.82","30.20","29.61","43.41M","0.78%"
"2012年11月5日","29.63","29.62","29.74","29.33","38.07M","0.44%"
"2012年11月2日","29.50","29.59","29.77","29.33","57.14M","-0.07%"
"2012年11月1日","29.52","28.84","29.56","28.82","72.05M","3.43%"
"2012年10月31日","28.54","28.55","28.88","28.50","69.47M","1.17%"
"2012年10月26日","28.21","27.86","28.34","27.84","57.79M","1.18%"
"2012年10月25日","27.88","28.19","28.20","27.86","54.08M","-0.07%"
"2012年10月24日","27.90","28.16","28.20","27.87","53.33M","-0.53%"
"2012年10月23日","28.05","27.77","28.20","27.76","64.42M","0.18%"
"2012年10月22日","28.00","28.73","28.83","27.83","83.38M","-2.23%"
"2012年10月19日","28.64","29.05","29.08","28.50","90.48M","-2.92%"
"2012年10月18日","29.50","29.65","29.73","29.26","59.24M","-0.30%"
"2012年10月17日","29.59","29.30","29.64","29.09","44.21M","0.34%"
"2012年10月16日","29.49","29.45","29.74","29.32","47.75M","-0.07%"
"2012年10月15日","29.51","29.37","29.72","29.25","42.45M","1.06%"
"2012年10月12日","29.20","28.97","29.32","28.80","46.47M","0.86%"
"2012年10月11日","28.95","29.21","29.25","28.87","41.49M","-0.10%"
"2012年10月10日","28.98","29.15","29.31","28.95","47.23M","-1.02%"
"2012年10月9日","29.28","29.68","29.74","29.18","45.13M","-1.68%"
"2012年10月8日","29.78","29.64","29.92","29.55","29.76M","-0.23%"
"2012年10月5日","29.85","30.23","30.25","29.74","41.14M","-0.60%"
"2012年10月4日","30.03","29.97","30.03","29.57","43.64M","0.57%"
"2012年10月3日","29.86","29.75","29.99","29.67","46.66M","0.67%"
"2012年10月2日","29.66","29.68","29.89","29.50","43.34M","0.58%"
"2012年10月1日","29.49","29.81","29.98","29.42","54.04M","-0.91%"
"2012年9月28日","29.76","30.18","30.26","29.74","54.23M","-1.33%"
"2012年9月27日","30.16","30.17","30.40","29.89","47.13M","0.00%"
"2012年9月26日","30.16","30.28","30.60","30.04","54.68M","-0.76%"
"2012年9月25日","30.39","30.95","31.00","30.36","54.28M","-1.27%"
"2012年9月24日","30.78","31.00","31.07","30.64","46.83M","-1.31%"
"2012年9月21日","31.19","31.43","31.61","31.09","102.35M","-0.83%"
"2012年9月20日","31.45","30.95","31.48","30.91","45.55M","1.29%"
"2012年9月19日","31.05","31.09","31.19","31.04","48.88M","-0.42%"
"2012年9月18日","31.18","31.10","31.21","31.03","34.54M","-0.10%"
"2012年9月17日","31.21","31.19","31.26","31.04","36.49M","0.00%"
"2012年9月14日","31.21","31.01","31.25","30.81","51.42M","0.91%"
"2012年9月13日","30.93","30.89","31.18","30.40","45.05M","0.49%"
"2012年9月12日","30.78","30.94","31.18","30.73","32.78M","-0.03%"
"2012年9月11日","30.79","30.69","30.91","30.61","25.19M","0.23%"
"2012年9月10日","30.72","30.83","30.90","30.51","40.52M","-0.74%"
"2012年9月7日","30.95","31.04","31.07","30.73","42.65M","-1.24%"
"2012年9月6日","31.34","30.50","31.36","30.46","48.37M","3.13%"
"2012年9月5日","30.39","30.22","30.53","30.21","33.65M","0.00%"
"2012年9月4日","30.39","30.45","30.66","30.15","48.56M","-1.40%"
"2012年8月31日","30.82","30.60","30.96","30.38","36.60M","1.65%"
"2012年8月30日","30.32","30.53","30.61","30.22","23.98M","-1.08%"
"2012年8月29日","30.65","30.65","30.75","30.44","23.35M","0.07%"
"2012年8月28日","30.63","30.70","30.80","30.52","23.95M","-0.20%"
"2012年8月27日","30.69","30.93","30.96","30.59","34.69M","0.43%"
"2012年8月24日","30.56","30.25","30.63","30.18","22.95M","1.02%"
"2012年8月23日","30.25","30.39","30.40","30.08","28.36M","-0.95%"
"2012年8月22日","30.54","30.59","30.76","30.46","33.44M","-0.84%"
"2012年8月21日","30.80","30.76","30.96","30.61","28.82M","0.20%"
"2012年8月20日","30.74","30.82","30.85","30.58","23.74M","-0.52%"
"2012年8月17日","30.90","30.92","30.92","30.59","32.60M","0.39%"
"2012年8月16日","30.78","30.36","30.94","30.26","35.79M","1.92%"
"2012年8月15日","30.20","30.11","30.28","30.02","24.35M","0.23%"
"2012年8月14日","30.13","30.30","30.39","30.01","34.55M","-0.86%"
"2012年8月13日","30.39","30.35","30.46","30.16","23.05M","-0.10%"
"2012年8月10日","30.42","30.50","30.62","30.25","27.81M","-0.26%"
"2012年8月9日","30.50","30.39","30.65","30.30","24.92M","0.56%"
"2012年8月8日","30.33","30.21","30.47","30.11","26.26M","0.23%"
"2012年8月7日","30.26","30.07","30.35","29.87","28.00M","1.04%"
"2012年8月6日","29.95","30.00","30.11","29.81","27.47M","0.67%"
"2012年8月3日","29.75","29.53","29.94","29.48","35.86M","1.92%"
"2012年8月2日","29.19","29.21","29.52","28.97","39.52M","-0.75%"
"2012年8月1日","29.41","29.59","29.65","29.21","31.72M","-0.20%"
"2012年7月31日","29.47","29.48","29.71","29.33","37.62M","-0.57%"
"2012年7月30日","29.64","29.75","29.82","29.46","28.90M","-0.37%"
"2012年7月27日","29.75","29.48","29.85","29.18","44.24M","2.02%"
"2012年7月26日","29.16","29.23","29.50","29.09","45.30M","1.14%"
"2012年7月25日","28.83","29.24","29.33","28.78","45.58M","-1.10%"
"2012年7月24日","29.15","29.24","29.36","28.90","47.72M","-0.44%"
"2012年7月23日","29.28","29.57","29.58","29.01","55.15M","-2.76%"
"2012年7月20日","30.11","31.00","31.05","30.05","64.03M","-1.79%"
"2012年7月19日","30.66","30.51","30.80","30.38","46.66M","0.69%"
"2012年7月18日","30.45","29.60","30.45","29.46","41.10M","2.66%"
"2012年7月17日","29.66","29.64","29.86","29.20","33.78M","0.75%"
"2012年7月16日","29.44","29.48","29.53","29.04","27.90M","0.17%"
"2012年7月13日","29.39","28.76","29.48","28.72","39.09M","2.65%"
"2012年7月12日","28.63","29.15","29.18","28.54","63.53M","-2.29%"
"2012年7月11日","29.30","29.71","29.73","29.11","39.19M","-1.48%"
"2012年7月10日","29.74","30.08","30.22","29.51","37.54M","-0.87%"
"2012年7月9日","30.00","30.12","30.23","29.78","30.68M","-0.60%"
"2012年7月6日","30.18","30.61","30.70","29.95","38.30M","-1.69%"
"2012年7月5日","30.70","30.59","30.78","30.38","28.80M","-0.20%"
"2012年7月3日","30.76","30.23","30.76","30.17","20.94M","0.65%"
"2012年7月2日","30.56","30.62","30.62","30.21","30.59M","-0.10%"
"2012年6月29日","30.59","30.45","30.69","30.14","55.23M","2.27%"
"2012年6月28日","29.91","29.98","30.05","29.42","45.33M","-0.86%"
"2012年6月27日","30.17","30.19","30.50","30.03","33.78M","0.50%"
"2012年6月26日","30.02","30.00","30.27","29.94","38.42M","0.54%"
"2012年6月25日","29.86","30.30","30.32","29.62","42.23M","-2.74%"
"2012年6月22日","30.70","30.30","30.73","30.03","45.10M","1.86%"
"2012年6月21日","30.14","30.96","31.14","30.06","48.46M","-2.55%"
"2012年6月20日","30.93","30.93","31.05","30.64","36.26M","0.75%"
"2012年6月19日","30.70","30.19","31.11","30.05","75.73M","2.88%"
"2012年6月18日","29.84","29.99","30.03","29.71","58.68M","-0.60%"
"2012年6月15日","30.02","29.59","30.08","29.49","62.31M","2.32%"
"2012年6月14日","29.34","29.33","29.46","28.88","39.46M","0.72%"
"2012年6月13日","29.13","29.22","29.44","29.05","32.98M","-0.55%"
"2012年6月12日","29.29","29.10","29.30","28.84","35.34M","1.38%"
"2012年6月11日","28.89","29.73","29.81","28.82","46.37M","-2.56%"
"2012年6月8日","29.65","29.21","29.68","29.05","42.55M","1.44%"
"2012年6月7日","29.23","29.64","29.70","29.17","37.79M","-0.41%"
"2012年6月6日","29.35","28.88","29.37","28.81","46.86M","2.98%"
"2012年6月5日","28.50","28.51","28.75","28.39","45.72M","-0.18%"
"2012年6月4日","28.55","28.62","28.78","28.32","47.93M","0.35%"
"2012年6月1日","28.45","28.76","28.96","28.44","56.64M","-2.54%"
"2012年5月31日","29.19","29.30","29.42","28.94","39.14M","-0.51%"
"2012年5月30日","29.34","29.35","29.48","29.12","41.59M","-0.74%"
"2012年5月29日","29.56","29.38","29.72","29.22","37.76M","1.72%"
"2012年5月25日","29.06","29.20","29.36","29.01","29.51M","-0.03%"
"2012年5月24日","29.07","29.16","29.30","28.76","52.58M","-0.14%"
"2012年5月23日","29.11","29.35","29.40","28.64","65.17M","-2.18%"
"2012年5月22日","29.76","29.69","29.88","29.50","39.51M","0.03%"
"2012年5月21日","29.75","29.10","29.79","29.06","38.79M","1.64%"
"2012年5月18日","29.27","29.79","29.81","29.17","56.21M","-1.51%"
"2012年5月17日","29.72","29.99","30.21","29.71","48.49M","-0.60%"
"2012年5月16日","29.90","30.31","30.32","29.74","60.08M","-1.03%"
"2012年5月15日","30.21","30.64","30.80","30.15","61.83M","-1.53%"
"2012年5月14日","30.68","30.82","31.04","30.64","40.53M","-1.54%"
"2012年5月11日","31.16","30.69","31.54","30.69","43.46M","1.37%"
"2012年5月10日","30.74","30.86","31.02","30.45","43.84M","-0.07%"
"2012年5月9日","30.76","30.19","30.83","30.10","50.31M","0.85%"
"2012年5月8日","30.50","30.48","30.78","30.17","46.34M","-0.49%"
"2012年5月7日","30.65","30.70","30.86","30.57","48.64M","-1.07%"
"2012年5月4日","30.98","31.45","31.57","30.92","57.93M","-2.46%"
"2012年5月3日","31.76","31.88","31.90","31.61","31.50M","-0.13%"
"2012年5月2日","31.80","31.85","31.93","31.64","37.39M","-0.66%"
"2012年5月1日","32.01","32.05","32.34","31.95","43.83M","-0.03%"
"2012年4月30日","32.02","31.98","32.11","31.92","35.71M","0.13%"
"2012年4月27日","31.98","32.12","32.22","31.88","41.42M","-0.40%"
"2012年4月26日","32.11","32.12","32.23","31.92","40.31M","-0.28%"
"2012年4月25日","32.20","31.92","32.32","31.87","62.50M","0.88%"
"2012年4月24日","31.92","32.21","32.52","31.83","40.87M","-0.62%"
"2012年4月23日","32.12","32.31","32.50","32.03","61.40M","-0.93%"
"2012年4月20日","32.42","32.15","32.89","32.05","106.05M","4.55%"
"2012年4月19日","31.01","31.13","31.68","30.94","54.78M","-0.42%"
"2012年4月18日","31.14","31.28","31.31","31.04","40.56M","-0.95%"
"2012年4月17日","31.44","31.27","31.61","31.20","34.36M","1.19%"
"2012年4月16日","31.07","30.99","31.19","30.77","38.13M","0.84%"
"2012年4月13日","30.81","30.89","31.16","30.72","39.75M","-0.55%"
"2012年4月12日","30.98","30.48","31.04","30.42","38.31M","2.11%"
"2012年4月11日","30.34","30.43","30.53","30.23","43.02M","-0.43%"
"2012年4月10日","30.47","31.06","31.19","30.30","54.14M","-2.03%"
"2012年4月9日","31.10","31.22","31.40","30.97","31.06M","-1.33%"
"2012年4月5日","31.52","31.15","31.63","31.05","50.31M","0.99%"
"2012年4月4日","31.21","31.66","31.69","31.05","49.46M","-2.29%"
"2012年4月3日","31.94","32.16","32.19","31.66","42.75M","-1.08%"
"2012年4月2日","32.29","32.22","32.46","31.95","35.85M","0.09%"
"2012年3月30日","32.26","32.40","32.41","32.04","31.75M","0.44%"
"2012年3月29日","32.12","32.06","32.19","31.81","37.04M","-0.22%"
"2012年3月28日","32.19","32.52","32.70","32.04","41.35M","-1.01%"
"2012年3月27日","32.52","32.65","32.70","32.40","36.27M","-0.21%"
"2012年3月26日","32.59","32.19","32.61","32.16","36.76M","1.81%"
"2012年3月23日","32.01","32.10","32.11","31.72","35.91M","0.03%"
"2012年3月22日","32.00","31.81","32.09","31.79","31.75M","0.28%"
"2012年3月21日","31.91","31.96","32.15","31.82","37.94M","-0.25%"
"2012年3月20日","31.99","32.10","32.15","31.74","41.57M","-0.65%"
"2012年3月19日","32.20","32.53","32.61","32.15","44.80M","-1.23%"
"2012年3月16日","32.60","32.91","32.95","32.50","65.63M","-0.76%"
"2012年3月15日","32.85","32.79","32.94","32.58","49.07M","0.24%"
"2012年3月14日","32.77","32.53","32.88","32.49","41.99M","0.31%"
"2012年3月13日","32.67","32.24","32.69","32.15","48.95M","1.97%"
"2012年3月12日","32.04","31.97","32.20","31.82","34.08M","0.16%"
"2012年3月9日","31.99","32.10","32.16","31.92","34.63M","-0.06%"
"2012年3月8日","32.01","32.04","32.21","31.90","36.75M","0.53%"
"2012年3月7日","31.84","31.67","31.92","31.53","34.34M","0.92%"
"2012年3月6日","31.55","31.54","31.98","31.49","51.94M","-0.79%"
"2012年3月5日","31.80","32.01","32.05","31.62","45.24M","-0.87%"
"2012年3月2日","32.08","32.31","32.44","32.00","47.32M","-0.65%"
"2012年3月1日","32.29","31.93","32.39","31.85","77.35M","1.73%"
"2012年2月29日","31.74","31.89","32.00","31.61","59.33M","-0.41%"
"2012年2月28日","31.87","31.41","31.93","31.38","45.23M","1.66%"
"2012年2月27日","31.35","31.24","31.50","31.10","34.58M","-0.41%"
"2012年2月24日","31.48","31.48","31.50","31.24","35.58M","0.35%"
"2012年2月23日","31.37","31.20","31.59","31.00","35.04M","0.32%"
"2012年2月22日","31.27","31.45","31.68","31.18","49.25M","-0.54%"
"2012年2月21日","31.44","31.18","31.61","31.15","50.83M","0.61%"
"2012年2月17日","31.25","31.20","31.32","30.95","70.04M","-0.13%"
"2012年2月16日","31.29","30.31","31.55","30.30","94.71M","4.13%"
"2012年2月15日","30.05","30.33","30.39","30.03","43.32M","-0.66%"
"2012年2月14日","30.25","30.33","30.46","29.85","59.66M","-1.08%"
"2012年2月13日","30.58","30.63","30.77","30.43","33.32M","0.26%"
"2012年2月10日","30.50","30.64","30.80","30.36","44.61M","-0.88%"
"2012年2月9日","30.77","30.68","30.80","30.48","50.48M","0.36%"
"2012年2月8日","30.66","30.26","30.67","30.22","49.66M","1.02%"
"2012年2月7日","30.35","30.15","30.48","30.05","39.24M","0.50%"
"2012年2月6日","30.20","30.04","30.22","29.97","28.04M","-0.13%"
"2012年2月3日","30.24","30.14","30.40","30.09","41.85M","0.97%"
"2012年2月2日","29.95","29.90","30.17","29.71","52.23M","0.20%"
"2012年2月1日","29.89","29.79","30.05","29.76","67.41M","1.22%"
"2012年1月31日","29.53","29.66","29.70","29.23","50.57M","-0.27%"
"2012年1月30日","29.61","28.97","29.62","28.83","51.11M","1.30%"
"2012年1月27日","29.23","29.45","29.53","29.17","44.19M","-0.92%"
"2012年1月26日","29.50","29.61","29.70","29.40","49.11M","-0.20%"
"2012年1月25日","29.56","29.07","29.65","29.07","59.24M","0.75%"
"2012年1月24日","29.34","29.47","29.57","29.18","51.71M","-1.31%"
"2012年1月23日","29.73","29.55","29.95","29.35","76.08M","0.07%"
"2012年1月20日","29.71","28.82","29.74","28.75","165.90M","5.65%"
"2012年1月19日","28.12","28.16","28.43","28.03","74.05M","-0.39%"
"2012年1月18日","28.23","28.31","28.40","27.97","64.86M","-0.07%"
"2012年1月17日","28.25","28.40","28.65","28.17","72.40M","0.00%"
"2012年1月13日","28.25","27.93","28.25","27.79","60.20M","0.89%"
"2012年1月12日","28.00","27.87","28.02","27.64","49.38M","1.01%"
"2012年1月11日","27.72","27.43","27.98","27.37","65.59M","-0.43%"
"2012年1月10日","27.84","27.93","28.15","27.75","60.01M","0.36%"
"2012年1月9日","27.74","28.05","28.10","27.72","59.71M","-1.32%"
"2012年1月6日","28.11","27.53","28.19","27.52","99.46M","1.55%"
"2012年1月5日","27.68","27.38","27.73","27.29","56.08M","1.02%"
"2012年1月4日","27.40","26.82","27.47","26.78","80.52M","2.35%"
"2012年1月3日","26.77","26.55","26.96","26.39","64.74M","3.12%"
"2011年12月30日","25.96","26.00","26.12","25.91","27.40M","-0.23%"
"2011年12月29日","26.02","25.95","26.05","25.86","22.62M","0.77%"
"2011年12月28日","25.82","26.11","26.15","25.76","29.82M","-0.84%"
"2011年12月27日","26.04","25.96","26.14","25.93","21.29M","0.04%"
"2011年12月23日","26.03","25.91","26.04","25.73","23.21M","0.85%"
"2011年12月22日","25.81","25.82","25.86","25.48","35.79M","0.19%"
"2011年12月21日","25.76","26.01","26.19","25.44","64.13M","-1.00%"
"2011年12月20日","26.02","25.86","26.10","25.81","60.77M","1.92%"
"2011年12月19日","25.53","26.02","26.12","25.46","52.26M","-1.81%"
"2011年12月16日","26.00","25.67","26.17","25.63","101.41M","1.72%"
"2011年12月15日","25.56","25.72","25.88","25.54","46.22M","-0.12%"
"2011年12月14日","25.59","25.72","25.86","25.57","47.93M","-0.66%"
"2011年12月13日","25.76","25.75","26.10","25.65","54.58M","0.98%"
"2011年12月12日","25.51","25.41","25.57","25.29","38.95M","-0.74%"
"2011年12月9日","25.70","25.52","25.87","25.50","53.79M","1.18%"
"2011年12月8日","25.40","25.48","25.72","25.37","60.52M","-0.78%"
"2011年12月7日","25.60","25.67","25.76","25.34","62.67M","-0.23%"
"2011年12月6日","25.66","25.81","25.87","25.61","46.18M","-0.16%"
"2011年12月5日","25.70","25.78","25.80","25.50","56.82M","1.90%"
"2011年12月2日","25.22","25.59","25.62","25.16","52.30M","-0.24%"
"2011年12月1日","25.28","25.56","25.63","25.20","48.55M","-1.17%"
"2011年11月30日","25.58","25.37","25.59","25.14","81.35M","2.98%"
"2011年11月29日","24.84","24.82","25.04","24.75","40.92M","-0.12%"
"2011年11月28日","24.87","24.94","24.97","24.69","46.77M","2.35%"
"2011年11月25日","24.30","24.38","24.67","24.30","26.16M","-0.69%"
"2011年11月23日","24.47","24.61","24.79","24.47","49.11M","-1.29%"
"2011年11月22日","24.79","24.89","24.96","24.65","49.20M","-0.84%"
"2011年11月21日","25.00","25.24","25.25","24.90","61.88M","-1.19%"
"2011年11月18日","25.30","25.48","25.50","25.15","47.63M","-0.94%"
"2011年11月17日","25.54","26.01","26.04","25.44","70.98M","-2.03%"
"2011年11月16日","26.07","26.47","26.51","26.04","53.26M","-2.51%"
"2011年11月15日","26.74","26.56","26.94","26.40","43.88M","-0.07%"
"2011年11月14日","26.76","26.88","27.00","26.65","34.20M","-0.56%"
"2011年11月11日","26.91","26.58","27.07","26.57","37.90M","2.40%"
"2011年11月10日","26.28","26.47","26.50","26.12","32.52M","0.31%"
"2011年11月9日","26.20","26.59","26.75","26.06","62.95M","-3.53%"
"2011年11月8日","27.16","27.01","27.20","26.68","47.83M","1.34%"
"2011年11月7日","26.80","26.21","26.82","26.13","42.59M","2.10%"
"2011年11月4日","26.25","26.38","26.40","26.00","36.55M","-1.06%"
"2011年11月3日","26.53","26.24","26.59","25.98","65.84M","2.00%"
"2011年11月2日","26.01","26.10","26.20","25.70","53.54M","0.08%"
"2011年11月1日","25.99","26.19","26.32","25.86","61.19M","-2.40%"
"2011年10月31日","26.63","26.75","27.00","26.62","46.80M","-1.30%"
"2011年10月28日","26.98","27.14","27.19","26.79","57.71M","-0.99%"
"2011年10月27日","27.25","27.13","27.40","26.65","74.52M","2.48%"
"2011年10月26日","26.59","27.03","27.06","26.10","63.03M","-0.82%"
"2011年10月25日","26.81","27.08","27.23","26.72","53.55M","-1.40%"
"2011年10月24日","27.19","27.06","27.40","27.04","56.90M","0.11%"
"2011年10月21日","27.16","27.15","27.19","26.80","76.62M","0.44%"
"2011年10月20日","27.04","27.26","27.34","26.40","76.30M","-0.33%"
"2011年10月19日","27.13","27.37","27.47","27.01","42.88M","-0.66%"
"2011年10月18日","27.31","26.94","27.40","26.80","52.49M","1.22%"
"2011年10月17日","26.98","27.11","27.42","26.85","39.45M","-1.06%"
"2011年10月14日","27.27","27.31","27.50","27.02","50.95M","0.33%"
"2011年10月13日","27.18","26.76","27.20","26.62","43.83M","0.82%"
"2011年10月12日","26.96","27.18","27.31","26.90","52.49M","-0.15%"
"2011年10月11日","27.00","26.86","27.07","26.72","38.83M","0.22%"
"2011年10月10日","26.94","26.58","26.97","26.47","41.82M","2.63%"
"2011年10月7日","26.25","26.34","26.51","26.20","52.75M","-0.34%"
"2011年10月6日","26.34","25.90","26.40","25.70","55.11M","1.74%"
"2011年10月5日","25.89","25.42","26.16","25.16","94.06M","2.17%"
"2011年10月4日","25.34","24.30","25.39","24.26","83.49M","3.30%"
"2011年10月3日","24.53","24.72","25.34","24.52","64.60M","-1.45%"
"2011年9月30日","24.89","25.20","25.50","24.88","54.09M","-2.20%"
"2011年9月29日","25.45","25.98","26.17","25.09","63.41M","-0.47%"
"2011年9月28日","25.57","25.93","26.37","25.51","60.74M","-0.39%"
"2011年9月27日","25.67","25.66","25.92","25.45","55.62M","0.90%"
"2011年9月26日","25.44","25.19","25.52","24.73","51.06M","1.52%"
"2011年9月23日","25.06","24.90","25.15","24.69","64.77M","0.00%"
"2011年9月22日","25.06","25.30","25.65","24.60","96.29M","-3.58%"
"2011年9月21日","25.99","27.05","27.06","25.97","72.75M","-3.67%"
"2011年9月20日","26.98","27.31","27.50","26.93","49.21M","-0.85%"
"2011年9月19日","27.21","26.80","27.31","26.60","52.32M","0.33%"
"2011年9月16日","27.12","27.05","27.27","26.83","89.69M","0.48%"
"2011年9月15日","26.99","26.73","27.03","26.31","67.81M","1.85%"
"2011年9月14日","26.50","26.17","26.80","25.89","66.74M","1.77%"
"2011年9月13日","26.04","25.92","26.18","25.81","48.79M","0.58%"
"2011年9月12日","25.89","25.44","25.93","25.27","55.05M","0.58%"
"2011年9月9日","25.74","26.00","26.18","25.50","64.53M","-1.83%"
"2011年9月8日","26.22","26.00","26.66","25.95","65.82M","0.85%"
"2011年9月7日","26.00","25.69","26.00","25.57","41.96M","1.92%"
"2011年9月6日","25.51","25.20","25.59","25.11","54.93M","-1.12%"
"2011年9月2日","25.80","25.78","26.00","25.66","43.90M","-1.56%"
"2011年9月1日","26.21","26.46","26.86","26.21","60.51M","-1.47%"
"2011年8月31日","26.60","26.29","26.71","26.26","59.30M","1.41%"
"2011年8月30日","26.23","25.73","26.43","25.70","57.34M","1.51%"
"2011年8月29日","25.84","25.53","25.86","25.37","38.86M","2.34%"
"2011年8月26日","25.25","24.51","25.34","24.42","71.96M","2.77%"
"2011年8月25日","24.57","25.08","25.16","24.50","48.19M","-1.33%"
"2011年8月24日","24.90","24.65","24.93","24.42","45.33M","0.73%"
"2011年8月23日","24.72","24.03","24.75","24.03","59.67M","3.09%"
"2011年8月22日","23.98","24.42","24.49","23.79","54.72M","-0.29%"
"2011年8月19日","24.05","24.41","24.62","23.91","77.40M","-2.51%"
"2011年8月18日","24.67","24.57","25.09","24.03","105.72M","-2.30%"
"2011年8月17日","25.25","25.25","25.70","24.93","50.92M","-0.39%"
"2011年8月16日","25.35","25.21","25.59","25.05","54.26M","-0.63%"
"2011年8月15日","25.51","25.24","25.58","25.15","56.53M","1.63%"
"2011年8月12日","25.10","25.13","25.34","24.65","64.79M","-0.36%"
"2011年8月11日","25.19","24.50","25.38","24.40","90.70M","4.09%"
"2011年8月10日","24.20","24.95","25.09","24.10","127.82M","-5.39%"
"2011年8月9日","25.58","24.71","25.62","24.03","126.28M","4.49%"
"2011年8月8日","24.48","25.02","25.60","24.39","134.26M","-4.67%"
"2011年8月5日","25.68","25.97","26.10","25.23","112.07M","-1.00%"
"2011年8月4日","25.94","26.53","26.87","25.93","92.95M","-3.64%"
"2011年8月3日","26.92","26.83","27.00","26.48","64.58M","0.45%"
"2011年8月2日","26.80","26.98","27.45","26.76","63.88M","-1.72%"
"2011年8月1日","27.27","27.51","27.68","26.75","61.85M","-0.47%"
"2011年7月29日","27.40","27.52","27.71","27.26","104.39M","-1.15%"
"2011年7月28日","27.72","27.29","28.07","27.21","83.77M","1.43%"
"2011年7月27日","27.33","27.88","27.98","27.20","71.49M","-2.67%"
"2011年7月26日","28.08","27.82","28.14","27.78","74.64M","0.61%"
"2011年7月25日","27.91","27.26","28.09","27.19","108.49M","1.38%"
"2011年7月22日","27.53","26.86","27.55","26.68","76.38M","1.62%"
"2011年7月21日","27.09","27.04","27.31","26.65","81.74M","0.11%"
"2011年7月20日","27.06","27.28","27.35","26.98","49.80M","-1.74%"
"2011年7月19日","27.54","26.81","27.64","26.78","86.73M","3.57%"
"2011年7月18日","26.59","26.63","26.90","26.26","44.51M","-0.71%"
"2011年7月15日","26.78","26.47","26.93","26.47","49.13M","1.17%"
"2011年7月14日","26.47","26.62","27.01","26.36","46.39M","-0.60%"
"2011年7月13日","26.63","26.60","26.96","26.51","40.87M","0.34%"
"2011年7月12日","26.54","26.55","26.79","26.34","47.32M","-0.34%"
"2011年7月11日","26.63","26.62","26.80","26.49","44.00M","-1.08%"
"2011年7月8日","26.92","26.54","26.98","26.51","58.33M","0.56%"
"2011年7月7日","26.77","26.49","26.88","26.36","51.95M","1.67%"
"2011年7月6日","26.33","25.97","26.37","25.96","48.75M","1.15%"
"2011年7月5日","26.03","26.10","26.15","25.90","37.80M","0.04%"
"2011年7月1日","26.02","25.93","26.17","25.84","52.91M","0.08%"
"2011年6月30日","26.00","25.74","26.00","25.66","52.54M","1.48%"
"2011年6月29日","25.62","25.71","25.71","25.36","66.05M","-0.70%"
"2011年6月28日","25.80","25.30","25.92","25.16","81.03M","2.38%"
"2011年6月27日","25.20","24.23","25.46","24.23","92.04M","3.70%"
"2011年6月24日","24.30","24.51","24.54","24.19","101.39M","-1.34%"
"2011年6月23日","24.63","24.44","24.65","24.20","59.47M","-0.08%"
"2011年6月22日","24.65","24.60","24.81","24.59","44.29M","-0.44%"
"2011年6月21日","24.76","24.52","24.86","24.40","49.71M","1.19%"
"2011年6月20日","24.47","24.17","24.66","24.16","54.34M","0.87%"
"2011年6月17日","24.26","24.22","24.30","23.98","83.35M","1.08%"
"2011年6月16日","24.00","23.75","24.10","23.65","57.19M","1.10%"
"2011年6月15日","23.74","24.00","24.01","23.67","49.41M","-1.98%"
"2011年6月14日","24.22","24.30","24.45","24.19","42.90M","0.75%"
"2011年6月13日","24.04","23.79","24.19","23.70","47.57M","1.43%"
"2011年6月10日","23.70","24.02","24.02","23.69","49.33M","-1.09%"
"2011年6月9日","23.96","24.01","24.04","23.82","42.88M","0.08%"
"2011年6月8日","23.94","23.90","24.02","23.86","42.21M","-0.50%"
"2011年6月7日","24.06","24.09","24.17","23.90","41.11M","0.21%"
"2011年6月6日","24.01","23.89","24.25","23.77","54.78M","0.42%"
"2011年6月3日","23.91","24.05","24.14","23.84","60.70M","-1.28%"
"2011年6月2日","24.22","24.49","24.65","24.18","51.49M","-0.86%"
"2011年6月1日","24.43","24.99","25.10","24.37","74.04M","-2.32%"
"2011年5月31日","25.01","24.96","25.06","24.70","60.20M","1.01%"
"2011年5月27日","24.76","24.68","24.90","24.65","50.25M","0.36%"
"2011年5月26日","24.67","24.35","25.03","24.32","78.02M","1.98%"
"2011年5月25日","24.19","24.17","24.31","24.16","34.90M","0.17%"
"2011年5月24日","24.15","24.20","24.29","24.04","47.69M","-0.08%"
"2011年5月23日","24.17","24.21","24.25","24.03","52.70M","-1.31%"
"2011年5月20日","24.49","24.72","24.87","24.44","45.45M","-0.89%"
"2011年5月19日","24.71","24.85","24.88","24.50","37.78M","0.08%"
"2011年5月18日","24.69","24.53","24.74","24.25","53.93M","0.69%"
"2011年5月17日","24.52","24.39","24.70","24.27","82.89M","-0.20%"
"2011年5月16日","24.57","24.96","25.07","24.50","91.40M","-1.84%"
"2011年5月13日","25.03","25.28","25.32","24.95","66.82M","-1.15%"
"2011年5月12日","25.32","25.35","25.39","25.10","77.37M","-0.16%"
"2011年5月11日","25.36","25.65","25.66","25.21","78.60M","-1.21%"
"2011年5月10日","25.67","25.38","25.85","25.25","120.81M","-0.62%"
"2011年5月9日","25.83","25.80","25.96","25.67","38.70M","-0.15%"
"2011年5月6日","25.87","26.07","26.22","25.75","55.99M","0.31%"
"2011年5月5日","25.79","26.05","26.08","25.68","55.63M","-1.04%"
"2011年5月4日","26.06","25.85","26.25","25.79","73.29M","0.97%"
"2011年5月3日","25.81","25.60","25.85","25.49","71.91M","0.58%"
"2011年5月2日","25.66","25.94","26.00","25.48","89.83M","-1.00%"
"2011年4月29日","25.92","26.55","26.64","25.36","319.32M","-2.96%"
"2011年4月28日","26.71","26.46","26.87","26.40","80.16M","1.25%"
"2011年4月27日","26.38","26.30","26.39","26.13","52.69M","0.73%"
"2011年4月26日","26.19","25.74","26.44","25.67","69.20M","2.26%"
"2011年4月25日","25.61","25.56","25.62","25.34","33.53M","0.35%"
"2011年4月21日","25.52","25.79","25.89","25.36","46.89M","-0.93%"
"2011年4月20日","25.76","25.54","26.00","25.51","61.61M","2.43%"
"2011年4月19日","25.15","25.00","25.17","24.87","38.89M","0.28%"
"2011年4月18日","25.08","25.10","25.28","24.72","58.05M","-1.14%"
"2011年4月15日","25.37","25.46","25.56","25.18","65.08M","-0.20%"
"2011年4月14日","25.42","25.42","25.44","25.09","55.25M","-0.82%"
"2011年4月13日","25.63","25.65","25.87","25.56","38.14M","-0.04%"
"2011年4月12日","25.64","25.83","25.85","25.55","36.94M","-1.31%"
"2011年4月11日","25.98","26.19","26.25","25.80","34.29M","-0.35%"
"2011年4月8日","26.07","26.17","26.28","25.96","39.89M","-0.50%"
"2011年4月7日","26.20","26.19","26.26","25.97","46.13M","0.19%"
"2011年4月6日","26.15","25.98","26.31","25.86","65.59M","1.44%"
"2011年4月5日","25.78","25.82","26.18","25.74","73.69M","0.90%"
"2011年4月4日","25.55","25.45","25.66","25.41","35.44M","0.27%"
"2011年4月1日","25.48","25.53","25.53","25.31","63.11M","0.35%"
"2011年3月31日","25.39","25.60","25.68","25.34","63.28M","-0.86%"
"2011年3月30日","25.61","25.60","25.72","25.50","42.00M","0.47%"
"2011年3月29日","25.49","25.34","25.52","25.30","40.77M","0.31%"
"2011年3月28日","25.41","25.66","25.72","25.38","48.98M","-0.82%"
"2011年3月25日","25.62","25.93","25.95","25.59","57.03M","-0.74%"
"2011年3月24日","25.81","25.60","25.87","25.50","38.70M","1.06%"
"2011年3月23日","25.54","25.23","25.61","25.18","44.02M","0.95%"
"2011年3月22日","25.30","25.30","25.46","25.23","30.90M","-0.12%"
"2011年3月21日","25.33","25.18","25.58","25.15","46.90M","2.14%"
"2011年3月18日","24.80","25.06","25.18","24.80","85.49M","0.08%"
"2011年3月17日","24.78","25.06","25.22","24.75","62.51M","-0.04%"
"2011年3月16日","24.79","25.22","25.28","24.68","100.72M","-2.36%"
"2011年3月15日","25.39","25.08","25.47","25.00","76.06M","-1.17%"
"2011年3月14日","25.69","25.49","25.76","25.35","54.46M","0.04%"
"2011年3月11日","25.68","25.41","25.85","25.36","49.91M","1.06%"
"2011年3月10日","25.41","25.62","25.71","25.35","66.56M","-1.85%"
"2011年3月9日","25.89","25.81","25.98","25.66","39.79M","-0.08%"
"2011年3月8日","25.91","25.77","26.02","25.65","50.56M","0.74%"
"2011年3月7日","25.72","26.13","26.27","25.55","64.99M","-0.89%"
"2011年3月4日","25.95","26.22","26.24","25.80","70.44M","-0.95%"
"2011年3月3日","26.20","26.26","26.40","26.18","68.27M","0.46%"
"2011年3月2日","26.08","26.11","26.37","26.04","48.66M","-0.31%"
"2011年3月1日","26.16","26.60","26.78","26.15","60.05M","-1.58%"
"2011年2月28日","26.58","26.69","26.86","26.51","51.38M","0.11%"
"2011年2月25日","26.55","26.91","26.95","26.50","53.01M","-0.82%"
"2011年2月24日","26.77","26.64","27.06","26.50","64.50M","0.68%"
"2011年2月23日","26.59","26.53","26.86","26.43","60.23M","0.00%"
"2011年2月22日","26.59","26.78","27.10","26.52","60.89M","-1.74%"
"2011年2月18日","27.06","27.13","27.21","26.99","68.67M","-0.55%"
"2011年2月17日","27.21","26.97","27.37","26.91","57.21M","0.70%"
"2011年2月16日","27.02","27.05","27.07","26.60","70.82M","0.22%"
"2011年2月15日","26.96","27.04","27.33","26.95","44.12M","-0.99%"
"2011年2月14日","27.23","27.20","27.27","26.95","56.77M","-0.07%"
"2011年2月11日","27.25","27.76","27.81","27.07","83.94M","-0.91%"
"2011年2月10日","27.50","27.93","27.94","27.29","76.67M","-1.68%"
"2011年2月9日","27.97","28.19","28.26","27.91","52.91M","-1.10%"
"2011年2月8日","28.28","28.10","28.34","28.05","34.91M","0.28%"
"2011年2月7日","28.20","27.80","28.34","27.79","68.98M","1.55%"
"2011年2月4日","27.77","27.70","27.84","27.51","40.42M","0.43%"
"2011年2月3日","27.65","27.96","27.97","27.54","60.34M","-1.04%"
"2011年2月2日","27.94","27.93","28.11","27.88","45.84M","-0.18%"
"2011年2月1日","27.99","27.80","28.06","27.61","62.81M","0.94%"
"2011年1月31日","27.73","27.77","27.90","27.42","65.03M","-0.07%"
"2011年1月28日","27.75","28.89","28.93","27.45","141.26M","-3.88%"
"2011年1月27日","28.87","28.75","29.46","28.49","146.94M","0.31%"
"2011年1月26日","28.78","28.51","28.99","28.50","74.63M","1.16%"
"2011年1月25日","28.45","28.14","28.45","28.12","42.44M","0.25%"
"2011年1月24日","28.38","28.02","28.56","27.99","52.06M","1.28%"
"2011年1月21日","28.02","28.40","28.43","28.02","58.08M","-1.16%"
"2011年1月20日","28.35","28.50","28.55","28.13","58.62M","-0.42%"
"2011年1月19日","28.47","28.46","28.68","28.27","50.01M","-0.66%"
"2011年1月18日","28.66","28.16","28.74","28.14","53.33M","1.27%"
"2011年1月14日","28.30","28.08","28.38","27.91","62.69M","0.39%"
"2011年1月13日","28.19","28.33","28.39","28.01","67.08M","-1.26%"
"2011年1月12日","28.55","28.12","28.59","28.07","52.64M","1.57%"
"2011年1月11日","28.11","28.20","28.25","28.05","50.31M","-0.39%"
"2011年1月10日","28.22","28.26","28.40","28.04","57.57M","-1.33%"
"2011年1月7日","28.60","28.64","28.74","28.25","73.76M","-0.76%"
"2011年1月6日","28.82","28.04","28.85","27.86","88.03M","2.93%"
"2011年1月5日","28.00","27.90","28.01","27.77","59.00M","-0.32%"
"2011年1月4日","28.09","27.94","28.17","27.85","54.41M","0.39%"
"2011年1月3日","27.98","28.05","28.18","27.92","53.45M","0.25%"
"2010年12月31日","27.91","27.80","27.92","27.63","24.79M","0.22%"
"2010年12月30日","27.85","27.92","28.00","27.77","20.79M","-0.43%"
"2010年12月29日","27.97","27.94","28.12","27.88","19.51M","-0.14%"
"2010年12月28日","28.01","27.97","28.17","27.96","23.05M","-0.21%"
"2010年12月27日","28.07","28.12","28.20","27.88","21.65M","-0.81%"
"2010年12月23日","28.30","27.97","28.32","27.96","24.91M","0.39%"
"2010年12月22日","28.19","28.01","28.40","27.98","42.26M","0.43%"
"2010年12月21日","28.07","27.85","28.14","27.76","38.15M","0.93%"
"2010年12月20日","27.81","27.95","27.99","27.68","52.81M","-0.32%"
"2010年12月17日","27.90","27.92","28.09","27.75","87.46M","-0.32%"
"2010年12月16日","27.99","27.76","27.99","27.66","57.68M","0.50%"
"2010年12月15日","27.85","27.53","27.99","27.53","69.63M","0.83%"
"2010年12月14日","27.62","27.31","27.75","27.26","64.10M","1.36%"
"2010年12月13日","27.25","27.27","27.45","27.17","47.94M","-0.33%"
"2010年12月10日","27.34","27.19","27.40","27.11","37.63M","0.96%"
"2010年12月9日","27.08","27.28","27.34","27.01","47.15M","-0.55%"
"2010年12月8日","27.23","26.83","27.24","26.80","41.67M","1.34%"
"2010年12月7日","26.87","27.08","27.13","26.85","57.86M","0.11%"
"2010年12月6日","26.84","26.93","26.98","26.76","36.27M","-0.67%"
"2010年12月3日","27.02","26.81","27.06","26.78","52.62M","0.48%"
"2010年12月2日","26.89","26.24","26.98","26.20","91.80M","3.26%"
"2010年12月1日","26.04","25.57","26.25","25.56","74.12M","3.09%"
"2010年11月30日","25.26","25.05","25.47","25.00","75.28M","-0.20%"
"2010年11月29日","25.31","25.19","25.42","24.93","56.61M","-0.08%"
"2010年11月26日","25.33","25.21","25.41","25.17","21.36M","-0.16%"
"2010年11月24日","25.37","25.20","25.46","25.16","56.84M","1.00%"
"2010年11月23日","25.12","25.57","25.60","25.09","69.81M","-2.37%"
"2010年11月22日","25.73","25.65","25.74","25.44","53.35M","0.16%"
"2010年11月19日","25.69","25.80","25.83","25.60","52.42M","-0.58%"
"2010年11月18日","25.84","25.71","26.08","25.61","59.52M","1.06%"
"2010年11月17日","25.57","25.90","25.91","25.55","58.30M","-0.93%"
"2010年11月16日","25.81","26.04","26.04","25.65","65.34M","-1.49%"
"2010年11月15日","26.20","26.33","26.50","26.17","51.79M","-0.27%"
"2010年11月12日","26.27","26.47","26.52","26.10","64.96M","-1.54%"
"2010年11月11日","26.68","26.68","26.72","26.28","62.08M","-0.97%"
"2010年11月10日","26.94","27.01","27.08","26.81","52.28M","-0.04%"
"2010年11月9日","26.95","26.81","27.11","26.71","58.59M","0.52%"
"2010年11月8日","26.81","26.68","27.05","26.58","71.67M","-0.15%"
"2010年11月5日","26.85","27.17","27.19","26.53","110.95M","-1.07%"
"2010年11月4日","27.14","27.41","27.43","27.01","93.60M","0.41%"
"2010年11月3日","27.03","27.46","27.49","26.96","110.26M","-1.31%"
"2010年11月2日","27.39","27.06","27.42","27.02","54.40M","1.63%"
"2010年11月1日","26.95","26.88","27.22","26.70","61.92M","1.09%"
"2010年10月29日","26.66","27.15","27.20","26.48","114.19M","1.45%"
"2010年10月28日","26.28","26.21","26.38","25.92","80.73M","0.88%"
"2010年10月27日","26.05","25.79","26.11","25.62","64.81M","0.58%"
"2010年10月26日","25.90","25.12","25.97","25.06","69.30M","2.82%"
"2010年10月25日","25.19","25.24","25.35","25.17","50.91M","-0.75%"
"2010年10月22日","25.38","25.52","25.54","25.27","25.84M","-0.16%"
"2010年10月21日","25.42","25.40","25.54","25.05","50.03M","0.43%"
"2010年10月20日","25.31","25.26","25.40","25.10","56.28M","0.84%"
"2010年10月19日","25.10","25.27","25.37","24.95","66.15M","-2.79%"
"2010年10月18日","25.82","25.59","25.95","25.45","48.40M","1.10%"
"2010年10月15日","25.54","25.36","25.55","25.23","68.95M","1.23%"
"2010年10月14日","25.23","25.29","25.34","25.00","51.99M","-0.43%"
"2010年10月13日","25.34","25.02","25.54","24.89","75.34M","2.05%"
"2010年10月12日","24.83","24.65","24.93","24.43","50.14M","0.98%"
"2010年10月11日","24.59","24.74","24.74","24.50","27.59M","0.08%"
"2010年10月8日","24.57","24.62","24.65","24.37","41.33M","0.16%"
"2010年10月7日","24.53","24.62","24.75","24.28","50.10M","0.41%"
"2010年10月6日","24.43","24.32","24.54","24.13","50.49M","0.33%"
"2010年10月5日","24.35","24.06","24.45","23.91","78.15M","1.84%"
"2010年10月4日","23.91","23.96","23.99","23.78","98.14M","-1.93%"
"2010年10月1日","24.38","24.77","24.82","24.30","62.67M","-0.45%"
"2010年9月30日","24.49","24.61","24.83","24.36","61.27M","-0.04%"
"2010年9月29日","24.50","24.63","24.66","24.40","44.32M","-0.73%"
"2010年9月28日","24.68","24.80","24.90","24.35","56.04M","-0.20%"
"2010年9月27日","24.73","24.85","24.99","24.59","43.73M","-0.16%"
"2010年9月24日","24.77","24.64","24.80","24.58","51.95M","1.39%"
"2010年9月23日","24.43","24.51","24.59","24.36","46.21M","-0.73%"
"2010年9月22日","24.61","24.89","24.97","24.36","94.30M","-2.15%"
"2010年9月21日","25.15","25.42","25.42","25.08","52.92M","-1.10%"
"2010年9月20日","25.43","25.28","25.52","25.11","49.88M","0.83%"
"2010年9月17日","25.22","25.40","25.53","25.08","70.34M","-0.43%"
"2010年9月16日","25.33","25.06","25.37","25.05","44.55M","0.88%"
"2010年9月15日","25.11","25.10","25.22","24.92","56.20M","0.32%"
"2010年9月14日","25.03","25.04","25.35","24.89","87.16M","-0.32%"
"2010年9月13日","25.11","24.20","25.29","24.09","114.68M","5.28%"
"2010年9月10日","23.85","23.98","24.03","23.79","58.29M","-0.67%"
"2010年9月9日","24.01","24.19","24.21","23.99","46.03M","0.33%"
"2010年9月8日","23.93","24.07","24.20","23.74","65.51M","-0.13%"
"2010年9月7日","23.96","24.10","24.30","23.92","51.93M","-1.36%"
"2010年9月3日","24.29","24.24","24.45","24.20","64.19M","1.46%"
"2010年9月2日","23.94","23.88","23.95","23.71","48.84M","0.17%"
"2010年9月1日","23.90","23.67","23.95","23.54","65.24M","1.88%"
"2010年8月31日","23.46","23.60","23.73","23.32","66.08M","-0.76%"
"2010年8月30日","23.64","23.74","23.82","23.60","45.45M","-1.21%"
"2010年8月27日","23.93","23.88","24.02","23.51","60.94M","0.46%"
"2010年8月26日","23.82","24.09","24.19","23.79","49.11M","-1.16%"
"2010年8月25日","24.10","24.00","24.22","23.87","47.40M","0.25%"
"2010年8月24日","24.04","24.09","24.35","24.00","66.53M","-0.99%"
"2010年8月23日","24.28","24.44","24.64","24.24","51.73M","0.21%"
"2010年8月20日","24.23","24.31","24.40","24.20","49.57M","-0.86%"
"2010年8月19日","24.44","24.62","24.74","24.21","54.07M","-1.53%"
"2010年8月18日","24.82","24.68","24.95","24.41","46.82M","0.45%"
"2010年8月17日","24.71","24.71","24.96","24.60","52.94M","0.86%"
"2010年8月16日","24.50","24.36","24.61","24.30","40.97M","0.41%"
"2010年8月13日","24.40","24.35","24.67","24.24","45.26M","-0.37%"
"2010年8月12日","24.49","24.42","24.68","24.36","70.24M","-1.49%"
"2010年8月11日","24.86","24.68","24.90","24.56","76.75M","-0.84%"
"2010年8月10日","25.07","25.33","25.34","24.88","87.26M","-2.11%"
"2010年8月9日","25.61","25.55","25.73","25.37","57.10M","0.23%"
"2010年8月6日","25.55","25.18","25.56","25.02","55.99M","0.71%"
"2010年8月5日","25.37","25.49","25.58","25.21","64.92M","-1.40%"
"2010年8月4日","25.73","26.15","26.24","25.44","78.53M","-1.64%"
"2010年8月3日","26.16","26.20","26.35","25.97","56.88M","-0.65%"
"2010年8月2日","26.33","25.99","26.38","25.75","55.04M","2.01%"
"2010年7月30日","25.81","25.75","25.84","25.35","83.53M","-0.85%"
"2010年7月29日","26.03","26.13","26.41","25.60","69.45M","0.31%"
"2010年7月28日","25.95","26.07","26.19","25.83","69.70M","-0.80%"
"2010年7月27日","26.16","26.14","26.24","25.96","60.68M","0.23%"
"2010年7月26日","26.10","25.86","26.20","25.80","67.25M","1.12%"
"2010年7月23日","25.81","25.84","26.02","25.25","108.52M","-0.12%"
"2010年7月22日","25.84","25.51","25.99","25.47","73.02M","2.87%"
"2010年7月21日","25.12","25.60","25.65","24.98","73.30M","-1.41%"
"2010年7月20日","25.48","24.86","25.48","24.70","45.53M","0.99%"
"2010年7月19日","25.23","24.96","25.30","24.91","38.18M","1.37%"
"2010年7月16日","24.89","25.51","25.64","24.88","65.06M","-2.43%"
"2010年7月15日","25.51","25.50","25.59","24.98","56.93M","0.28%"
"2010年7月14日","25.44","25.50","25.61","25.12","72.81M","1.23%"
"2010年7月13日","25.13","25.14","25.30","24.90","61.93M","1.21%"
"2010年7月12日","24.83","24.43","24.89","24.42","49.86M","2.31%"
"2010年7月9日","24.27","24.33","24.41","24.15","53.81M","-0.57%"
"2010年7月8日","24.41","24.60","24.62","23.97","50.77M","0.45%"
"2010年7月7日","24.30","23.82","24.32","23.61","81.97M","2.02%"
"2010年7月6日","23.82","23.70","24.09","23.58","73.59M","2.36%"
"2010年7月2日","23.27","23.36","23.48","23.05","62.49M","0.47%"
"2010年7月1日","23.16","23.09","23.32","22.73","92.24M","0.65%"
"2010年6月30日","23.01","23.30","23.68","22.95","81.06M","-1.29%"
"2010年6月29日","23.31","24.13","24.20","23.11","119.89M","-4.11%"
"2010年6月28日","24.31","24.51","24.61","24.12","73.79M","-0.90%"
"2010年6月25日","24.53","25.05","25.11","24.31","156.26M","-1.88%"
"2010年6月24日","25.00","25.46","25.72","24.93","85.25M","-1.22%"
"2010年6月23日","25.31","25.78","25.78","25.22","61.47M","-1.79%"
"2010年6月22日","25.77","26.16","26.45","25.76","55.99M","-0.69%"
"2010年6月21日","25.95","26.78","26.89","25.89","54.63M","-1.85%"
"2010年6月18日","26.44","26.37","26.53","26.17","52.08M","0.27%"
"2010年6月17日","26.37","26.56","26.67","26.04","48.00M","0.19%"
"2010年6月16日","26.32","26.47","26.58","26.23","48.70M","-0.98%"
"2010年6月15日","26.58","25.75","26.65","25.74","81.64M","4.24%"
"2010年6月14日","25.50","25.86","25.96","25.47","50.97M","-0.62%"
"2010年6月11日","25.66","25.04","25.72","24.77","68.06M","2.64%"
"2010年6月10日","25.00","25.13","25.15","24.78","78.95M","0.85%"
"2010年6月9日","24.79","25.22","25.52","24.75","87.81M","-1.27%"
"2010年6月8日","25.11","25.25","25.26","24.65","87.35M","-0.71%"
"2010年6月7日","25.29","25.82","25.83","25.24","80.46M","-1.94%"
"2010年6月4日","25.79","26.10","26.57","25.62","89.83M","-3.98%"
"2010年6月3日","26.86","26.55","26.93","26.41","67.84M","1.51%"
"2010年6月2日","26.46","26.06","26.48","25.73","65.72M","2.20%"
"2010年6月1日","25.89","25.53","26.31","25.52","76.16M","0.35%"
"2010年5月28日","25.80","25.84","26.12","25.66","67.50M","-0.77%"
"2010年5月27日","26.00","25.73","26.36","25.73","136.43M","3.96%"
"2010年5月26日","25.01","26.23","26.61","24.56","176.68M","-4.07%"
"2010年5月25日","26.07","25.65","26.33","25.38","98.37M","-0.76%"
"2010年5月24日","26.27","26.85","26.86","26.26","73.71M","-2.12%"
"2010年5月21日","26.84","26.63","27.11","26.44","117.60M","-1.00%"
"2010年5月20日","27.11","27.65","27.84","27.04","87.99M","-4.00%"
"2010年5月19日","28.24","28.52","28.69","27.79","61.75M","-1.26%"
"2010年5月18日","28.60","28.87","29.00","28.40","52.77M","-1.17%"
"2010年5月17日","28.94","29.12","29.23","28.45","46.06M","0.03%"
"2010年5月14日","28.93","29.20","29.21","28.64","63.33M","-1.06%"
"2010年5月13日","29.24","29.26","29.73","29.18","45.29M","-0.68%"
"2010年5月12日","29.44","28.98","29.58","28.92","47.15M","1.94%"
"2010年5月11日","28.88","28.68","29.65","28.57","63.80M","-0.21%"
"2010年5月10日","28.94","29.01","29.48","28.71","86.66M","2.59%"
"2010年5月7日","28.21","28.93","28.95","27.32","173.72M","-2.66%"
"2010年5月6日","28.98","29.59","29.88","27.91","128.61M","-2.91%"
"2010年5月5日","29.85","29.77","30.09","29.69","66.83M","-0.93%"
"2010年5月4日","30.13","30.52","30.55","29.75","82.09M","-2.37%"
"2010年5月3日","30.86","30.67","31.06","30.58","43.99M","1.05%"
"2010年4月30日","30.54","31.07","31.08","30.52","63.22M","-1.48%"
"2010年4月29日","31.00","30.93","31.43","30.67","52.67M","0.29%"
"2010年4月28日","30.91","30.92","31.00","30.62","64.56M","0.23%"
"2010年4月27日","30.84","30.95","31.25","30.75","68.73M","-0.87%"
"2010年4月26日","31.11","31.00","31.27","30.86","63.65M","0.48%"
"2010年4月23日","30.96","31.12","31.58","30.65","126.77M","-1.37%"
"2010年4月22日","31.39","31.04","31.53","30.90","84.85M","0.19%"
"2010年4月21日","31.33","31.33","31.50","31.23","55.34M","-0.10%"
"2010年4月20日","31.36","31.22","31.44","31.13","52.21M","1.03%"
"2010年4月19日","31.04","30.77","31.25","30.76","64.97M","1.21%"
"2010年4月16日","30.67","30.79","30.98","30.60","88.71M","-0.65%"
"2010年4月15日","30.87","30.82","30.95","30.71","52.75M","0.16%"
"2010年4月14日","30.82","30.79","31.00","30.66","68.94M","1.22%"
"2010年4月13日","30.45","30.15","30.50","30.13","41.37M","0.43%"
"2010年4月12日","30.32","30.25","30.49","30.20","37.07M","-0.07%"
"2010年4月9日","30.34","29.95","30.41","29.89","54.76M","1.40%"
"2010年4月8日","29.92","29.32","29.98","29.30","63.71M","1.94%"
"2010年4月7日","29.35","29.16","29.56","29.14","58.32M","0.10%"
"2010年4月6日","29.32","29.15","29.58","28.98","47.37M","0.17%"
"2010年4月5日","29.27","29.13","29.43","29.03","34.34M","0.38%"
"2010年4月1日","29.16","29.35","29.54","28.62","74.77M","-0.44%"
"2010年3月31日","29.29","29.64","29.72","29.17","63.76M","-1.61%"
"2010年3月30日","29.77","29.63","29.86","29.50","34.96M","0.61%"
"2010年3月29日","29.59","29.71","29.82","29.55","33.34M","-0.24%"
"2010年3月26日","29.66","30.09","30.20","29.59","55.60M","-1.17%"
"2010年3月25日","30.01","29.83","30.57","29.80","73.18M","1.21%"
"2010年3月24日","29.65","29.72","29.85","29.60","33.99M","-0.77%"
"2010年3月23日","29.88","29.59","29.90","29.41","42.03M","0.95%"
"2010年3月22日","29.60","29.50","29.70","29.39","37.72M","0.03%"
"2010年3月19日","29.59","29.76","29.90","29.35","81.34M","-0.07%"
"2010年3月18日","29.61","29.63","29.72","29.50","43.85M","-0.07%"
"2010年3月17日","29.63","29.50","29.87","29.40","50.39M","0.89%"
"2010年3月16日","29.37","29.42","29.49","29.20","36.73M","0.27%"
"2010年3月15日","29.29","29.18","29.37","29.01","37.52M","0.07%"
"2010年3月12日","29.27","29.32","29.38","29.04","31.71M","0.31%"
"2010年3月11日","29.18","28.89","29.19","28.85","35.35M","0.72%"
"2010年3月10日","28.97","28.86","29.11","28.80","44.90M","0.59%"
"2010年3月9日","28.80","28.56","29.11","28.55","50.28M","0.59%"
"2010年3月8日","28.63","28.52","28.93","28.50","39.42M","0.14%"
"2010年3月5日","28.59","28.66","28.68","28.42","56.01M","-0.14%"
"2010年3月4日","28.63","28.46","28.65","28.27","42.89M","0.60%"
"2010年3月3日","28.46","28.51","28.61","28.35","48.44M","0.00%"
"2010年3月2日","28.46","29.08","29.30","28.24","93.13M","-1.93%"
"2010年3月1日","29.02","28.77","29.05","28.53","43.81M","1.22%"
"2010年2月26日","28.67","28.65","28.85","28.51","40.37M","0.24%"
"2010年2月25日","28.60","28.27","28.65","28.02","48.74M","-0.10%"
"2010年2月24日","28.63","28.52","28.79","28.38","43.17M","1.06%"
"2010年2月23日","28.33","28.68","28.83","28.09","52.27M","-1.39%"
"2010年2月22日","28.73","28.84","28.94","28.65","36.71M","-0.14%"
"2010年2月19日","28.77","28.79","28.92","28.69","44.46M","-0.69%"
"2010年2月18日","28.97","28.59","29.03","28.51","42.86M","1.33%"
"2010年2月17日","28.59","28.53","28.65","28.36","45.88M","0.85%"
"2010年2月16日","28.35","28.13","28.37","28.02","51.94M","1.50%"
"2010年2月12日","27.93","27.81","28.06","27.58","81.12M","-0.68%"
"2010年2月11日","28.12","27.93","28.40","27.70","66.00M","0.46%"
"2010年2月10日","27.99","28.03","28.24","27.84","48.59M","-0.07%"
"2010年2月9日","28.01","27.97","28.34","27.75","59.20M","1.05%"
"2010年2月8日","27.72","28.01","28.08","27.57","52.83M","-1.07%"
"2010年2月5日","28.02","28.00","28.28","27.57","80.96M","0.65%"
"2010年2月4日","27.84","28.38","28.50","27.81","77.85M","-2.76%"
"2010年2月3日","28.63","28.26","28.79","28.12","61.40M","0.60%"
"2010年2月2日","28.46","28.37","28.50","28.14","54.41M","0.18%"
"2010年2月1日","28.41","28.39","28.48","27.92","85.93M","0.82%"
"2010年1月29日","28.18","29.90","29.92","27.66","193.89M","-3.36%"
"2010年1月28日","29.16","29.84","29.87","28.89","117.51M","-1.72%"
"2010年1月27日","29.67","29.35","29.82","29.02","63.95M","0.58%"
"2010年1月26日","29.50","29.20","29.85","29.09","66.65M","0.61%"
"2010年1月25日","29.32","29.24","29.66","29.10","63.38M","1.24%"
"2010年1月22日","28.96","30.00","30.20","28.84","102.00M","-3.50%"
"2010年1月21日","30.01","30.61","30.72","30.00","73.09M","-1.90%"
"2010年1月20日","30.59","30.81","30.94","30.31","54.86M","-1.64%"
"2010年1月19日","31.10","30.75","31.24","30.68","46.58M","0.78%"
"2010年1月15日","30.86","31.08","31.24","30.71","79.92M","-0.32%"
"2010年1月14日","30.96","30.31","31.10","30.26","63.24M","2.01%"
"2010年1月13日","30.35","30.26","30.52","30.01","51.86M","0.93%"
"2010年1月12日","30.07","30.15","30.40","29.91","65.91M","-0.66%"
"2010年1月11日","30.27","30.71","30.76","30.12","68.75M","-1.27%"
"2010年1月8日","30.66","30.28","30.88","30.24","51.20M","0.69%"
"2010年1月7日","30.45","30.63","30.70","30.19","50.56M","-1.04%"
"2010年1月6日","30.77","30.88","31.08","30.52","58.18M","-0.61%"
"2010年1月5日","30.96","30.85","31.10","30.64","49.76M","0.03%"
"2010年1月4日","30.95","30.62","31.10","30.59","38.41M","1.54%"
"2009年12月31日","30.48","30.98","30.99","30.48","31.93M","-1.55%"
"2009年12月30日","30.96","31.15","31.29","30.80","42.01M","-1.37%"
"2009年12月29日","31.39","31.35","31.50","31.23","29.72M","0.71%"
"2009年12月28日","31.17","31.00","31.18","30.89","25.39M","0.55%"
"2009年12月24日","31.00","30.88","31.00","30.76","11.08M","0.26%"
"2009年12月23日","30.92","30.71","30.95","30.69","28.36M","0.32%"
"2009年12月22日","30.82","30.60","30.93","30.54","36.32M","0.98%"
"2009年12月21日","30.52","30.40","30.84","30.37","40.13M","0.53%"
"2009年12月18日","30.36","29.84","30.45","29.80","94.12M","2.57%"
"2009年12月17日","29.60","29.95","29.96","29.57","43.69M","-1.66%"
"2009年12月16日","30.10","30.07","30.41","30.04","55.74M","0.27%"
"2009年12月15日","30.02","29.89","30.21","29.88","49.47M","-0.30%"
"2009年12月14日","30.11","29.91","30.16","29.90","34.65M","0.87%"
"2009年12月11日","29.85","29.97","30.00","29.79","43.75M","-0.07%"
"2009年12月10日","29.87","29.71","29.96","29.66","45.94M","0.54%"
"2009年12月9日","29.71","29.47","29.81","29.25","44.72M","0.47%"
"2009年12月8日","29.57","29.52","29.74","29.38","37.41M","-0.74%"
"2009年12月7日","29.79","29.78","30.08","29.68","38.08M","-0.63%"
"2009年12月4日","29.98","30.05","30.37","29.83","58.82M","0.50%"
"2009年12月3日","29.83","29.84","30.20","29.76","43.10M","0.17%"
"2009年12月2日","29.78","29.90","29.99","29.65","36.31M","-0.77%"
"2009年12月1日","30.01","29.52","30.05","29.41","49.91M","2.04%"
"2009年11月30日","29.41","29.15","29.45","29.00","44.17M","0.65%"
"2009年11月27日","29.22","29.11","29.39","28.75","29.36M","-1.91%"
"2009年11月25日","29.79","29.81","29.86","29.58","32.04M","-0.40%"
"2009年11月24日","29.91","29.95","29.99","29.75","37.34M","-0.10%"
"2009年11月23日","29.94","29.84","30.01","29.70","41.84M","1.08%"
"2009年11月20日","29.62","29.66","29.77","29.43","42.65M","-0.54%"
"2009年11月19日","29.78","29.99","30.00","29.70","51.97M","-1.10%"
"2009年11月18日","30.11","30.00","30.14","29.81","59.44M","0.37%"
"2009年11月17日","30.00","29.50","30.00","29.47","75.65M","1.56%"
"2009年11月16日","29.54","29.61","29.80","29.37","54.13M","-0.30%"
"2009年11月13日","29.63","29.47","29.79","29.37","53.04M","0.92%"
"2009年11月12日","29.36","29.01","29.49","29.00","55.36M","0.82%"
"2009年11月11日","29.12","29.08","29.30","29.02","49.69M","0.38%"
"2009年11月10日","29.01","28.90","29.28","28.81","65.88M","0.07%"
"2009年11月9日","28.99","28.62","29.00","28.53","57.52M","1.65%"
"2009年11月6日","28.52","28.38","28.63","28.20","38.91M","0.18%"
"2009年11月5日","28.47","28.52","28.74","28.28","52.68M","1.46%"
"2009年11月4日","28.06","27.69","28.39","27.62","63.90M","1.93%"
"2009年11月3日","27.53","27.64","27.74","27.43","50.29M","-1.26%"
"2009年11月2日","27.88","27.70","28.05","27.41","62.43M","0.54%"
"2009年10月30日","27.73","28.03","28.40","27.66","73.37M","-1.74%"
"2009年10月29日","28.22","28.07","28.41","27.85","65.23M","0.71%"
"2009年10月28日","28.02","28.24","28.77","27.95","73.54M","-1.99%"
"2009年10月27日","28.59","28.73","28.88","28.44","69.69M","-0.31%"
"2009年10月26日","28.68","28.12","29.02","28.11","124.15M","2.36%"
"2009年10月23日","28.02","29.20","29.35","27.88","281.76M","5.38%"
"2009年10月22日","26.59","26.56","26.72","26.13","61.60M","0.04%"
"2009年10月21日","26.58","26.46","26.75","26.39","61.67M","0.80%"
"2009年10月20日","26.37","26.42","26.51","25.94","54.61M","0.04%"
"2009年10月19日","26.36","26.49","26.58","26.25","48.14M","-0.53%"
"2009年10月16日","26.50","26.45","26.63","26.10","56.50M","-0.79%"
"2009年10月15日","26.71","25.90","26.71","25.90","65.62M","2.89%"
"2009年10月14日","25.96","26.14","26.20","25.82","45.37M","0.58%"
"2009年10月13日","25.81","25.59","25.94","25.52","37.75M","0.35%"
"2009年10月12日","25.72","25.66","25.89","25.55","29.15M","0.67%"
"2009年10月9日","25.55","25.57","25.79","25.46","39.52M","-0.47%"
"2009年10月8日","25.67","25.44","25.90","25.22","60.52M","2.27%"
"2009年10月7日","25.10","24.99","25.18","24.88","38.47M","-0.04%"
"2009年10月6日","25.11","24.68","25.21","24.66","48.80M","1.91%"
"2009年10月5日","24.64","24.98","25.06","24.52","60.81M","-1.28%"
"2009年10月2日","24.96","24.45","25.09","24.43","51.23M","0.32%"
"2009年10月1日","24.88","25.41","25.47","24.80","75.96M","-3.27%"
"2009年9月30日","25.72","25.76","25.99","25.38","63.54M","-0.12%"
"2009年9月29日","25.75","25.91","25.96","25.69","39.05M","-0.31%"
"2009年9月28日","25.83","25.60","26.16","25.60","44.36M","1.10%"
"2009年9月25日","25.55","25.69","25.82","25.52","50.16M","-1.50%"
"2009年9月24日","25.94","25.92","26.11","25.66","56.31M","0.89%"
"2009年9月23日","25.71","25.92","26.25","25.64","60.60M","-0.23%"
"2009年9月22日","25.77","25.40","25.82","25.29","61.38M","1.86%"
"2009年9月21日","25.30","25.11","25.37","25.10","28.88M","0.16%"
"2009年9月18日","25.26","25.46","25.48","25.10","68.02M","-0.16%"
"2009年9月17日","25.30","25.06","25.38","25.06","42.43M","0.40%"
"2009年9月16日","25.20","25.25","25.35","24.95","50.06M","0.00%"
"2009年9月15日","25.20","24.97","25.27","24.86","44.72M","0.80%"
"2009年9月14日","25.00","24.65","25.09","24.64","42.81M","0.56%"
"2009年9月11日","24.86","24.93","25.17","24.81","54.30M","-0.56%"
"2009年9月10日","25.00","24.80","25.05","24.65","46.26M","0.89%"
"2009年9月9日","24.78","24.74","24.95","24.66","49.90M","-0.16%"
"2009年9月8日","24.82","24.62","24.84","24.41","53.74M","0.81%"
"2009年9月4日","24.62","24.09","24.80","24.08","45.00M","2.12%"
"2009年9月3日","24.11","23.91","24.14","23.76","34.12M","1.05%"
"2009年9月2日","23.86","23.82","24.14","23.78","40.77M","-0.58%"
"2009年9月1日","24.00","24.35","24.74","23.90","62.61M","-2.64%"
"2009年8月31日","24.65","24.57","24.85","24.29","49.60M","-0.12%"
"2009年8月28日","24.68","25.07","25.49","24.61","55.81M","-0.04%"
"2009年8月27日","24.69","24.41","24.78","24.30","45.50M","0.57%"
"2009年8月26日","24.55","24.59","24.75","24.42","41.08M","-0.37%"
"2009年8月25日","24.64","24.60","24.82","24.46","43.98M","0.00%"
"2009年8月24日","24.64","24.41","24.73","24.28","54.18M","0.94%"
"2009年8月21日","24.41","23.93","24.42","23.77","69.02M","3.13%"
"2009年8月20日","23.67","23.60","23.87","23.54","39.51M","0.08%"
"2009年8月19日","23.65","23.25","23.72","23.25","41.83M","0.30%"
"2009年8月18日","23.58","23.29","23.65","23.27","38.88M","1.42%"
"2009年8月17日","23.25","23.32","23.60","23.23","42.48M","-1.86%"
"2009年8月14日","23.69","23.62","23.80","23.51","46.33M","0.30%"
"2009年8月13日","23.62","23.63","23.85","23.40","38.96M","0.38%"
"2009年8月12日","23.53","23.13","23.90","23.03","61.97M","1.73%"
"2009年8月11日","23.13","23.32","23.40","23.05","33.62M","-1.24%"
"2009年8月10日","23.42","23.46","23.55","23.30","35.27M","-0.59%"
"2009年8月7日","23.56","23.75","23.82","23.50","46.17M","0.43%"
"2009年8月6日","23.46","23.93","23.98","23.27","59.69M","-1.47%"
"2009年8月5日","23.81","23.84","24.25","23.79","53.31M","0.17%"
"2009年8月4日","23.77","23.68","23.79","23.53","49.22M","-0.25%"
"2009年8月3日","23.83","23.82","23.86","23.50","46.90M","1.32%"
"2009年7月31日","23.52","23.77","24.07","23.50","54.27M","-1.22%"
"2009年7月30日","23.81","24.20","24.43","23.71","67.82M","0.04%"
"2009年7月29日","23.80","23.73","23.91","23.34","73.63M","1.41%"
"2009年7月28日","23.47","22.99","23.55","22.90","70.29M","1.56%"
"2009年7月27日","23.11","23.44","23.45","22.90","80.95M","-1.45%"
"2009年7月24日","23.45","23.61","23.89","22.81","215.14M","-8.26%"
"2009年7月23日","25.56","24.93","25.72","24.84","106.06M","3.06%"
"2009年7月22日","24.80","24.70","24.90","24.51","66.19M","-0.12%"
"2009年7月21日","24.83","24.69","24.83","24.37","52.03M","1.22%"
"2009年7月20日","24.53","24.44","24.53","24.15","47.80M","0.99%"
"2009年7月17日","24.29","24.40","24.45","24.10","52.86M","-0.61%"
"2009年7月16日","24.44","23.93","24.44","23.86","64.56M","1.33%"
"2009年7月15日","24.12","23.75","24.12","23.56","67.24M","4.37%"
"2009年7月14日","23.11","23.20","23.22","22.86","45.45M","-0.52%"
"2009年7月13日","23.23","22.42","23.29","22.14","67.59M","3.75%"
"2009年7月10日","22.39","22.19","22.54","22.15","43.24M","-0.22%"
"2009年7月9日","22.44","22.65","22.81","22.37","46.98M","-0.53%"
"2009年7月8日","22.56","22.31","22.69","22.00","73.02M","0.13%"
"2009年7月7日","22.53","23.08","23.14","22.46","52.84M","-2.89%"
"2009年7月6日","23.20","23.21","23.28","22.87","49.21M","-0.73%"
"2009年7月2日","23.37","23.76","24.04","23.21","65.43M","-2.79%"
"2009年7月1日","24.04","24.05","24.30","23.96","54.92M","1.14%"
"2009年6月30日","23.77","23.97","24.24","23.63","66.45M","-0.38%"
"2009年6月29日","23.86","23.60","24.03","23.55","62.86M","2.18%"
"2009年6月26日","23.35","23.57","23.69","23.32","65.13M","-1.85%"
"2009年6月25日","23.79","23.43","23.92","23.20","57.73M","1.36%"
"2009年6月24日","23.47","23.45","23.75","23.36","54.29M","0.56%"
"2009年6月23日","23.34","23.38","23.66","23.21","56.75M","0.26%"
"2009年6月22日","23.28","23.95","23.95","23.25","71.30M","-3.28%"
"2009年6月19日","24.07","24.04","24.34","23.75","115.46M","2.43%"
"2009年6月18日","23.50","23.62","23.69","23.30","58.85M","-0.76%"
"2009年6月17日","23.68","23.50","23.82","23.17","86.48M","0.98%"
"2009年6月16日","23.45","23.47","24.11","23.44","105.30M","0.13%"
"2009年6月15日","23.42","23.23","23.54","23.02","69.09M","0.39%"
"2009年6月12日","23.33","22.90","23.38","22.74","50.96M","2.19%"
"2009年6月11日","22.83","22.59","23.26","22.57","65.13M","1.24%"
"2009年6月10日","22.55","22.17","22.62","22.12","61.30M","2.13%"
"2009年6月9日","22.08","22.06","22.32","21.88","50.89M","0.14%"
"2009年6月8日","22.05","21.98","22.32","21.63","49.01M","-0.41%"
"2009年6月5日","22.14","21.96","22.31","21.81","59.59M","1.42%"
"2009年6月4日","21.83","21.77","21.90","21.58","42.33M","0.46%"
"2009年6月3日","21.73","21.31","21.76","21.29","56.05M","1.54%"
"2009年6月2日","21.40","21.36","21.98","21.20","48.94M","0.00%"
"2009年6月1日","21.40","21.00","21.50","20.86","57.32M","2.44%"
"2009年5月29日","20.89","20.56","20.94","20.30","46.14M","2.15%"
"2009年5月28日","20.45","20.32","20.63","20.05","45.48M","1.59%"
"2009年5月27日","20.13","20.25","20.60","20.07","42.90M","-1.03%"
"2009年5月26日","20.34","19.54","20.45","19.45","45.00M","2.99%"
"2009年5月22日","19.75","19.93","20.17","19.47","37.33M","-0.35%"
"2009年5月21日","19.82","20.14","20.23","19.51","58.24M","-2.75%"
"2009年5月20日","20.38","20.41","20.69","20.22","47.45M","0.34%"
"2009年5月19日","20.31","20.51","20.74","20.25","51.37M","-1.41%"
"2009年5月18日","20.60","20.36","20.60","20.24","46.08M","1.88%"
"2009年5月15日","20.22","20.13","20.50","19.98","61.29M","0.80%"
"2009年5月14日","20.06","19.83","20.23","19.80","54.54M","1.57%"
"2009年5月13日","19.75","19.92","20.00","19.67","49.29M","-0.70%"
"2009年5月12日","19.89","19.51","20.06","19.47","71.97M","2.95%"
"2009年5月11日","19.32","19.20","19.73","19.01","63.77M","-0.51%"
"2009年5月8日","19.42","19.46","19.64","19.14","67.60M","0.52%"
"2009年5月7日","19.32","19.96","19.99","19.14","68.73M","-2.37%"
"2009年5月6日","19.79","20.06","20.07","19.61","59.64M","0.00%"
"2009年5月5日","19.79","20.14","20.24","19.64","67.24M","-1.98%"
"2009年5月4日","20.19","20.37","20.40","19.98","54.31M","-0.25%"
"2009年5月1日","20.24","20.19","20.35","19.86","63.22M","-0.10%"
"2009年4月30日","20.26","20.60","21.10","20.01","87.44M","0.05%"
"2009年4月29日","20.25","20.11","20.89","20.06","79.30M","1.61%"
"2009年4月28日","19.93","20.25","20.27","19.79","76.69M","-2.30%"
"2009年4月27日","20.40","20.55","20.82","20.28","68.22M","-2.44%"
"2009年4月24日","20.91","19.82","21.20","19.50","168.48M","10.52%"
"2009年4月23日","18.92","18.92","18.94","18.47","86.12M","0.75%"
"2009年4月22日","18.78","18.76","19.19","18.70","59.40M","-1.00%"
"2009年4月21日","18.97","18.59","19.08","18.57","60.93M","1.93%"
"2009年4月20日","18.61","18.89","18.95","18.57","62.94M","-3.07%"
"2009年4月17日","19.20","19.68","19.69","19.00","61.40M","-2.83%"
"2009年4月16日","19.76","19.16","19.78","18.99","67.69M","4.94%"
"2009年4月15日","18.83","19.21","19.25","18.51","72.73M","-2.69%"
"2009年4月14日","19.35","19.44","19.55","19.00","63.80M","-1.23%"
"2009年4月13日","19.59","19.69","19.85","19.37","44.45M","-0.41%"
"2009年4月9日","19.67","19.45","19.70","19.22","55.76M","2.50%"
"2009年4月8日","19.19","18.97","19.62","18.96","56.41M","2.29%"
"2009年4月7日","18.76","18.76","19.14","18.63","65.82M","0.00%"
"2009年4月6日","18.76","18.54","18.76","18.27","47.48M","0.05%"
"2009年4月3日","18.75","19.13","19.15","18.43","81.87M","-2.80%"
"2009年4月2日","19.29","19.50","19.89","19.00","99.08M","-0.10%"
"2009年4月1日","19.31","18.23","19.36","18.18","96.44M","5.12%"
"2009年3月31日","18.37","17.83","18.79","17.78","92.42M","5.09%"
"2009年3月30日","17.48","17.74","17.76","17.27","49.64M","-3.59%"
"2009年3月27日","18.13","18.54","18.61","18.05","47.67M","-3.72%"
"2009年3月26日","18.83","18.17","18.88","18.12","63.78M","5.31%"
"2009年3月25日","17.88","17.98","18.31","17.52","73.93M","-0.28%"
"2009年3月24日","17.93","18.04","18.21","17.84","50.09M","-2.18%"
"2009年3月23日","18.33","17.37","18.59","17.31","71.61M","7.44%"
"2009年3月20日","17.06","17.32","17.65","16.88","81.74M","-0.47%"
"2009年3月19日","17.14","17.37","17.45","16.92","59.00M","1.06%"
"2009年3月18日","16.96","17.03","17.22","16.60","70.73M","0.36%"
"2009年3月17日","16.90","16.32","16.90","16.26","62.67M","4.00%"
"2009年3月16日","16.25","16.82","16.96","16.24","67.04M","-2.40%"
"2009年3月13日","16.65","16.98","17.05","16.18","82.97M","-2.12%"
"2009年3月12日","17.01","17.01","17.04","16.48","93.72M","-0.58%"
"2009年3月11日","17.11","16.63","17.20","16.43","84.57M","3.82%"
"2009年3月10日","16.48","15.37","16.62","15.25","95.19M","8.78%"
"2009年3月9日","15.15","15.20","15.74","15.10","66.51M","-0.85%"
"2009年3月6日","15.28","15.35","15.62","14.87","92.85M","0.07%"
"2009年3月5日","15.27","15.86","15.88","15.27","89.70M","-5.27%"
"2009年3月4日","16.12","16.12","16.40","15.89","69.29M","1.51%"
"2009年3月3日","15.88","16.03","16.24","15.64","80.48M","0.57%"
"2009年3月2日","15.79","15.96","16.25","15.72","80.60M","-2.23%"
"2009年2月27日","16.15","16.29","16.52","16.10","93.43M","-1.64%"
"2009年2月26日","16.42","17.05","17.08","16.42","83.22M","-3.18%"
"2009年2月25日","16.96","17.01","17.24","16.46","105.89M","-1.22%"
"2009年2月24日","17.17","17.03","17.35","16.36","122.67M","-0.23%"
"2009年2月23日","17.21","18.02","18.15","17.16","70.80M","-4.39%"
"2009年2月20日","18.00","17.77","18.19","17.66","69.42M","0.50%"
"2009年2月19日","17.91","18.30","18.38","17.81","49.20M","-1.16%"
"2009年2月18日","18.12","18.22","18.45","18.00","54.96M","0.17%"
"2009年2月17日","18.09","18.49","18.50","17.89","75.85M","-5.24%"
"2009年2月13日","19.09","19.27","19.47","19.04","47.42M","-0.88%"
"2009年2月12日","19.26","18.97","19.32","18.54","75.32M","0.26%"
"2009年2月11日","19.21","18.94","19.49","18.92","58.60M","2.18%"
"2009年2月10日","18.80","19.25","19.80","18.70","83.96M","-3.29%"
"2009年2月9日","19.44","19.64","19.77","19.26","52.20M","-1.12%"
"2009年2月6日","19.66","19.16","19.93","19.06","86.75M","3.26%"
"2009年2月5日","19.04","18.51","19.14","18.25","75.20M","2.20%"
"2009年2月4日","18.63","18.54","19.00","18.50","75.62M","0.70%"
"2009年2月3日","18.50","17.85","18.61","17.60","86.88M","3.76%"
"2009年2月2日","17.83","17.03","18.13","17.00","88.88M","4.27%"
"2009年1月30日","17.10","17.74","17.79","17.10","62.39M","-2.79%"
"2009年1月29日","17.59","17.78","17.96","17.56","49.21M","-2.49%"
"2009年1月28日","18.04","17.80","18.31","17.76","64.70M","2.15%"
"2009年1月27日","17.66","17.78","17.97","17.43","61.71M","0.17%"
"2009年1月26日","17.63","17.29","17.81","17.23","93.12M","2.50%"
"2009年1月23日","17.20","16.97","17.49","16.75","117.02M","0.53%"
"2009年1月22日","17.11","18.05","18.18","17.07","222.44M","-11.71%"
"2009年1月21日","19.38","18.87","19.45","18.46","68.36M","4.87%"
"2009年1月20日","18.48","19.46","19.62","18.37","89.89M","-6.24%"
"2009年1月16日","19.71","19.63","19.91","19.15","79.64M","2.44%"
"2009年1月15日","19.24","19.07","19.30","18.52","96.22M","0.79%"
"2009年1月14日","19.09","19.53","19.68","19.01","80.34M","-3.68%"
"2009年1月13日","19.82","19.52","19.99","19.52","65.85M","1.80%"
"2009年1月12日","19.47","19.71","19.79","19.30","52.20M","-0.26%"
"2009年1月9日","19.52","20.17","20.30","19.41","49.83M","-2.98%"
"2009年1月8日","20.12","19.63","20.19","19.55","70.26M","3.13%"
"2009年1月7日","19.51","20.19","20.29","19.48","72.75M","-6.02%"
"2009年1月6日","20.76","20.75","21.00","20.61","58.09M","1.17%"
"2009年1月5日","20.52","20.20","20.67","20.06","61.48M","0.93%"
"2009年1月2日","20.33","19.53","20.40","19.37","50.12M","4.58%"
"2008年12月31日","19.44","19.31","19.68","19.27","46.42M","0.52%"
"2008年12月30日","19.34","19.01","19.49","19.00","43.23M","2.00%"
"2008年12月29日","18.96","19.15","19.21","18.64","58.89M","-0.89%"
"2008年12月26日","19.13","19.20","19.33","19.09","23.10M","-0.21%"
"2008年12月24日","19.17","19.26","19.45","19.10","16.89M","-0.57%"
"2008年12月23日","19.28","19.28","19.57","19.01","47.54M","0.52%"
"2008年12月22日","19.18","19.24","19.29","18.89","58.58M","0.31%"
"2008年12月19日","19.12","19.42","19.80","19.11","115.43M","-0.93%"
"2008年12月18日","19.30","19.86","20.02","18.99","80.77M","-1.83%"
"2008年12月17日","19.66","19.81","20.05","19.50","79.06M","-2.24%"
"2008年12月16日","20.11","19.21","20.18","19.00","97.71M","5.62%"
"2008年12月15日","19.04","19.34","19.44","18.89","59.94M","-1.65%"
"2008年12月12日","19.36","19.15","19.85","18.70","78.13M","-0.46%"
"2008年12月11日","19.45","20.11","20.12","19.31","83.62M","-5.63%"
"2008年12月10日","20.61","20.82","20.96","20.30","61.50M","0.05%"
"2008年12月9日","20.60","20.62","21.25","20.46","80.50M","-1.95%"
"2008年12月8日","21.01","20.35","21.25","20.14","107.23M","5.74%"
"2008年12月5日","19.87","18.91","19.98","18.47","92.00M","3.98%"
"2008年12月4日","19.11","19.40","19.92","18.79","78.72M","-3.82%"
"2008年12月3日","19.87","18.65","19.90","18.60","80.97M","3.76%"
"2008年12月2日","19.15","18.99","19.31","18.56","79.69M","2.90%"
"2008年12月1日","18.61","19.88","19.95","18.60","79.87M","-7.96%"
"2008年11月28日","20.22","20.23","20.31","20.02","31.37M","-1.32%"
"2008年11月26日","20.49","19.73","20.68","19.73","79.68M","2.50%"
"2008年11月25日","19.99","20.86","20.93","19.55","92.97M","-3.38%"
"2008年11月24日","20.69","19.89","20.94","19.87","125.30M","5.13%"
"2008年11月21日","19.68","18.02","19.70","17.98","157.25M","12.26%"
"2008年11月20日","17.53","18.11","18.84","17.50","139.53M","-4.16%"
"2008年11月19日","18.29","19.63","19.95","18.25","103.05M","-6.78%"
"2008年11月18日","19.62","19.50","19.66","18.75","108.98M","1.55%"
"2008年11月17日","19.32","19.74","20.24","19.15","97.30M","-3.69%"
"2008年11月14日","20.06","20.56","21.34","19.65","96.63M","-5.60%"
"2008年11月13日","21.25","20.15","21.25","18.74","148.50M","4.68%"
"2008年11月12日","20.30","20.89","21.00","20.28","90.16M","-4.25%"
"2008年11月11日","21.20","21.29","21.30","20.79","78.03M","-0.47%"
"2008年11月10日","21.30","21.84","21.97","21.19","67.60M","-0.93%"
"2008年11月7日","21.50","21.32","21.54","21.00","71.26M","2.97%"
"2008年11月6日","20.88","21.87","22.08","20.86","95.57M","-5.43%"
"2008年11月5日","22.08","23.33","23.34","22.05","81.22M","-6.16%"
"2008年11月4日","23.53","23.13","23.66","22.87","72.19M","4.02%"
"2008年11月3日","22.62","22.48","22.91","22.21","61.95M","1.30%"
"2008年10月31日","22.33","22.53","22.91","22.12","93.06M","-1.33%"
"2008年10月30日","22.63","23.69","23.88","22.39","95.32M","-1.61%"
"2008年10月29日","23.00","23.13","23.97","22.70","111.76M","-0.43%"
"2008年10月28日","23.10","21.64","23.21","21.34","134.11M","9.07%"
"2008年10月27日","21.18","21.67","21.96","21.02","117.72M","-3.55%"
"2008年10月24日","21.96","21.06","22.86","20.95","153.92M","-1.61%"
"2008年10月23日","22.32","21.55","22.59","20.89","154.77M","3.67%"
"2008年10月22日","21.53","23.04","23.06","20.90","150.05M","-7.83%"
"2008年10月21日","23.36","24.30","25.01","23.27","100.39M","-5.50%"
"2008年10月20日","24.72","24.20","24.75","23.01","93.49M","3.30%"
"2008年10月17日","23.93","23.57","25.11","23.31","133.68M","-1.07%"
"2008年10月16日","24.19","22.93","24.19","21.31","161.15M","6.75%"
"2008年10月15日","22.66","23.78","24.25","22.48","113.28M","-5.98%"
"2008年10月14日","24.10","25.64","25.73","23.60","165.68M","-5.49%"
"2008年10月13日","25.50","22.86","25.50","22.63","144.98M","18.60%"
"2008年10月10日","21.50","21.79","22.35","20.65","228.49M","-3.59%"
"2008年10月9日","22.30","23.77","23.91","22.07","131.97M","-3.09%"
"2008年10月8日","23.01","22.90","24.30","22.50","171.63M","-0.95%"
"2008年10月7日","23.23","24.98","25.21","23.14","145.97M","-6.74%"
"2008年10月6日","24.91","25.63","25.99","24.14","146.41M","-5.36%"
"2008年10月3日","26.32","26.36","27.47","26.24","116.07M","0.27%"
"2008年10月2日","26.25","26.18","26.53","25.70","93.83M","-0.87%"
"2008年10月1日","26.48","26.38","26.99","26.28","88.99M","-0.79%"
"2008年9月30日","26.69","25.77","26.69","25.54","107.21M","6.72%"
"2008年9月29日","25.01","26.94","27.66","25.01","134.38M","-8.72%"
"2008年9月26日","27.40","26.17","27.56","26.14","100.74M","2.97%"
"2008年9月25日","26.61","25.82","26.88","25.74","96.20M","3.46%"
"2008年9月24日","25.72","25.58","26.09","25.46","80.26M","1.10%"
"2008年9月23日","25.44","25.66","26.17","25.34","92.25M","0.16%"
"2008年9月22日","25.40","26.22","26.32","25.32","105.21M","0.95%"
"2008年9月19日","25.16","26.37","26.40","23.50","134.94M","-0.40%"
"2008年9月18日","25.26","24.80","25.35","24.01","132.29M","2.81%"
"2008年9月17日","24.57","25.73","25.87","24.50","106.97M","-5.46%"
"2008年9月16日","25.99","26.09","26.49","25.52","111.73M","-3.09%"
"2008年9月15日","26.82","26.92","27.49","26.73","82.35M","-2.90%"
"2008年9月12日","27.62","27.14","27.74","26.94","75.63M","1.02%"
"2008年9月11日","27.34","26.10","27.46","26.03","72.91M","3.40%"
"2008年9月10日","26.44","26.52","26.86","26.25","75.06M","1.30%"
"2008年9月9日","26.10","26.20","26.60","26.05","85.74M","-0.08%"
"2008年9月8日","26.12","26.21","26.33","25.67","62.11M","1.83%"
"2008年9月5日","25.65","26.03","26.22","25.63","82.31M","-2.66%"
"2008年9月4日","26.35","26.73","26.89","26.35","66.93M","-2.04%"
"2008年9月3日","26.90","27.00","27.18","26.84","57.13M","-0.74%"
"2008年9月2日","27.10","27.66","27.76","27.06","66.08M","-0.70%"
"2008年8月29日","27.29","27.68","27.78","27.29","50.75M","-2.33%"
"2008年8月28日","27.94","27.61","28.01","27.60","48.38M","1.38%"
"2008年8月27日","27.56","27.34","27.79","27.13","33.98M","1.06%"
"2008年8月26日","27.27","27.58","27.72","27.17","44.78M","-1.41%"
"2008年8月25日","27.66","27.61","27.84","27.46","51.38M","-0.65%"
"2008年8月22日","27.84","27.23","27.88","27.22","47.93M","2.43%"
"2008年8月21日","27.18","27.10","27.23","26.86","43.61M","-0.40%"
"2008年8月20日","27.29","27.54","27.58","27.17","41.50M","-0.11%"
"2008年8月19日","27.32","27.54","27.75","27.27","40.34M","-1.34%"
"2008年8月18日","27.69","27.78","28.05","27.55","38.08M","-0.43%"
"2008年8月15日","27.81","27.98","28.15","27.58","47.27M","-0.36%"
"2008年8月14日","27.91","27.82","28.28","27.56","49.74M","0.00%"
"2008年8月13日","27.91","28.07","28.50","27.76","51.17M","-0.75%"
"2008年8月12日","28.12","27.78","28.36","27.58","62.81M","0.79%"
"2008年8月11日","27.90","27.86","28.40","27.66","68.75M","-0.82%"
"2008年8月8日","28.13","27.35","28.23","27.19","80.82M","2.70%"
"2008年8月7日","27.39","26.89","27.75","26.73","82.57M","1.37%"
"2008年8月6日","27.02","26.73","27.16","26.38","95.55M","3.09%"
"2008年8月5日","26.21","25.64","26.28","25.50","84.31M","3.68%"
"2008年8月4日","25.28","25.39","25.55","25.11","60.59M","-0.63%"
"2008年8月1日","25.44","25.92","25.95","25.07","82.74M","-1.09%"
"2008年7月31日","25.72","25.85","26.28","25.71","60.46M","-1.94%"
"2008年7月30日","26.23","26.20","26.49","25.90","51.98M","0.46%"
"2008年7月29日","26.11","25.52","26.19","25.40","66.37M","2.39%"
"2008年7月28日","25.50","26.06","26.11","25.34","59.71M","-2.52%"
"2008年7月25日","26.16","25.64","26.22","25.50","58.68M","2.83%"
"2008年7月24日","25.44","26.09","26.17","25.44","81.09M","-3.75%"
"2008年7月23日","26.43","25.86","26.84","25.85","79.41M","2.44%"
"2008年7月22日","25.80","25.54","25.94","25.48","88.66M","0.62%"
"2008年7月21日","25.64","25.66","26.17","25.53","77.58M","-0.85%"
"2008年7月18日","25.86","26.36","26.47","25.11","150.28M","-6.03%"
"2008年7月17日","27.52","27.58","27.91","27.11","96.53M","0.95%"
"2008年7月16日","27.26","26.13","27.29","25.92","82.06M","4.24%"
"2008年7月15日","26.15","24.93","26.64","24.93","92.72M","3.98%"
"2008年7月14日","25.15","25.48","25.81","25.07","51.22M","-0.40%"
"2008年7月11日","25.25","25.16","25.64","24.87","69.53M","-0.79%"
"2008年7月10日","25.45","25.20","25.67","24.98","57.84M","0.87%"
"2008年7月9日","25.23","25.79","25.85","25.18","54.26M","-2.40%"
"2008年7月8日","25.85","25.93","26.20","25.51","65.57M","-0.69%"
"2008年7月7日","26.03","26.11","26.39","25.45","71.53M","0.19%"
"2008年7月3日","25.98","25.97","26.10","25.60","37.08M","0.39%"
"2008年7月2日","25.88","26.89","27.00","25.88","84.70M","-3.68%"
"2008年7月1日","26.87","27.27","27.38","26.44","100.33M","-2.33%"
"2008年6月30日","27.51","27.73","27.98","27.49","57.84M","-0.43%"
"2008年6月27日","27.63","27.68","27.91","27.46","73.45M","-0.43%"
"2008年6月26日","27.75","28.03","28.20","27.75","67.05M","-2.12%"
"2008年6月25日","28.35","27.81","28.67","27.76","64.28M","2.24%"
"2008年6月24日","27.73","27.92","28.01","27.51","65.23M","-0.86%"
"2008年6月23日","27.97","28.30","28.41","27.79","57.15M","-0.92%"
"2008年6月20日","28.23","28.89","28.92","28.10","97.49M","-2.42%"
"2008年6月19日","28.93","28.55","29.19","28.33","62.05M","1.65%"
"2008年6月18日","28.46","28.55","28.86","28.46","49.69M","-1.18%"
"2008年6月17日","28.80","29.04","29.12","28.79","44.26M","-0.45%"
"2008年6月16日","28.93","29.02","29.11","28.64","74.73M","-0.48%"
"2008年6月13日","29.07","28.63","29.57","28.50","131.97M","2.94%"
"2008年6月12日","28.24","27.40","28.55","27.19","114.00M","4.13%"
"2008年6月11日","27.12","27.85","27.94","27.11","59.33M","-2.76%"
"2008年6月10日","27.89","27.36","28.29","27.32","77.43M","0.65%"
"2008年6月9日","27.71","27.65","27.91","27.30","66.79M","0.80%"
"2008年6月6日","27.49","27.99","28.17","27.49","78.50M","-2.86%"
"2008年6月5日","28.30","27.72","28.30","27.60","76.06M","2.76%"
"2008年6月4日","27.54","27.28","27.64","27.20","79.61M","0.84%"
"2008年6月3日","27.31","27.91","28.31","27.27","91.65M","-1.76%"
"2008年6月2日","27.80","28.24","28.36","27.55","77.04M","-1.84%"
"2008年5月30日","28.32","28.38","28.70","28.20","63.40M","0.04%"
"2008年5月29日","28.31","28.21","28.68","28.14","47.70M","0.46%"
"2008年5月28日","28.18","28.55","28.57","28.04","52.32M","-0.91%"
"2008年5月27日","28.44","28.11","28.50","28.05","47.33M","1.39%"
"2008年5月23日","28.05","28.26","28.33","27.95","48.91M","-1.48%"
"2008年5月22日","28.47","28.28","28.70","28.18","52.21M","0.78%"
"2008年5月21日","28.25","28.81","29.05","28.19","60.13M","-1.77%"
"2008年5月20日","28.76","29.30","29.31","28.63","75.77M","-2.38%"
"2008年5月19日","29.46","29.87","29.89","29.31","59.63M","-1.77%"
"2008年5月16日","29.99","30.47","30.48","29.92","81.54M","-1.51%"
"2008年5月15日","30.45","29.98","30.53","29.94","53.36M","1.74%"
"2008年5月14日","29.93","29.89","30.26","29.73","66.74M","0.50%"
"2008年5月13日","29.78","30.00","30.13","29.53","70.93M","-0.70%"
"2008年5月12日","29.99","29.40","30.06","29.35","64.29M","2.04%"
"2008年5月9日","29.39","29.21","29.55","28.95","51.62M","0.41%"
"2008年5月8日","29.27","29.28","29.39","29.00","69.59M","0.21%"
"2008年5月7日","29.21","29.69","30.14","29.08","88.78M","-1.65%"
"2008年5月6日","29.70","29.00","29.86","28.93","93.58M","2.13%"
"2008年5月5日","29.08","29.93","30.23","28.99","119.69M","-0.55%"
"2008年5月2日","29.24","29.59","29.62","28.86","66.02M","-0.54%"
"2008年5月1日","29.40","28.50","29.49","28.48","71.70M","3.09%"
"2008年4月30日","28.52","28.74","29.21","28.51","74.73M","-0.42%"
"2008年4月29日","28.64","28.80","28.90","28.45","84.43M","-1.21%"
"2008年4月28日","28.99","29.80","29.84","28.82","97.47M","-2.82%"
"2008年4月25日","29.83","30.05","30.39","29.60","145.19M","-6.19%"
"2008年4月24日","31.80","31.63","32.10","31.16","116.45M","1.11%"
"2008年4月23日","31.45","30.45","31.46","30.30","98.35M","3.97%"
"2008年4月22日","30.25","30.64","30.70","29.97","67.39M","-0.56%"
"2008年4月21日","30.42","30.19","30.60","30.12","54.41M","1.40%"
"2008年4月18日","30.00","30.01","30.10","29.61","73.66M","2.67%"
"2008年4月17日","29.22","29.12","29.34","28.90","48.77M","0.93%"
"2008年4月16日","28.95","28.57","29.05","28.38","54.11M","2.48%"
"2008年4月15日","28.25","28.12","28.48","28.03","34.31M","0.68%"
"2008年4月14日","28.06","28.24","28.31","27.93","43.42M","-0.78%"
"2008年4月11日","28.28","28.87","29.01","28.21","54.37M","-2.85%"
"2008年4月10日","29.11","28.83","29.40","28.80","65.60M","0.76%"
"2008年4月9日","28.89","28.72","29.04","28.54","45.86M","0.49%"
"2008年4月8日","28.75","28.94","29.00","28.54","46.57M","-1.41%"
"2008年4月7日","29.16","29.55","29.59","29.03","44.44M","0.00%"
"2008年4月4日","29.16","29.13","29.26","28.74","43.90M","0.55%"
"2008年4月3日","29.00","29.00","29.32","28.80","38.97M","-0.55%"
"2008年4月2日","29.16","29.57","29.58","29.00","49.51M","-1.15%"
"2008年4月1日","29.50","28.83","29.54","28.63","65.80M","3.95%"
"2008年3月31日","28.38","27.88","28.59","27.84","46.78M","1.68%"
"2008年3月28日","27.91","28.23","28.43","27.83","49.26M","-0.50%"
"2008年3月27日","28.05","28.48","28.49","28.00","47.89M","-1.79%"
"2008年3月26日","28.56","29.03","29.07","28.38","45.87M","-1.99%"
"2008年3月25日","29.14","29.33","29.37","28.94","49.25M","-0.10%"
"2008年3月24日","29.17","29.33","29.40","29.06","48.30M","-0.03%"
"2008年3月20日","29.18","28.74","29.22","28.59","60.18M","1.96%"
"2008年3月19日","28.62","29.38","29.59","28.62","61.45M","-2.72%"
"2008年3月18日","29.42","28.67","29.48","28.67","83.70M","3.96%"
"2008年3月17日","28.30","27.30","28.73","27.28","84.50M","1.22%"
"2008年3月14日","27.96","28.72","29.01","27.64","105.21M","-2.31%"
"2008年3月13日","28.62","28.54","28.99","28.16","84.56M","-0.03%"
"2008年3月12日","28.63","29.43","29.49","28.54","75.99M","-2.22%"
"2008年3月11日","29.28","28.40","29.34","28.38","98.76M","4.39%"
"2008年3月10日","28.05","27.83","28.26","27.75","72.54M","0.65%"
"2008年3月7日","27.87","27.34","28.07","27.32","77.61M","1.09%"
"2008年3月6日","27.57","28.06","28.17","27.50","91.13M","-1.96%"
"2008年3月5日","28.12","27.75","28.41","27.70","106.49M","1.92%"
"2008年3月4日","27.59","27.02","27.63","26.96","86.93M","2.22%"
"2008年3月3日","26.99","27.24","27.39","26.87","76.58M","-0.77%"
"2008年2月29日","27.20","27.69","27.83","27.02","117.41M","-2.61%"
"2008年2月28日","27.93","28.02","28.27","27.80","83.01M","-1.17%"
"2008年2月27日","28.26","28.19","28.68","28.10","75.20M","-0.42%"
"2008年2月26日","28.38","27.74","28.86","27.67","108.93M","1.94%"
"2008年2月25日","27.84","27.65","28.24","27.48","109.97M","0.58%"
"2008年2月22日","27.68","28.24","28.39","27.20","125.71M","-1.49%"
"2008年2月21日","28.10","28.62","28.96","27.96","98.78M","-0.43%"
"2008年2月20日","28.22","28.15","28.26","27.92","93.06M","0.18%"
"2008年2月19日","28.17","28.80","28.84","28.07","68.25M","-0.88%"
"2008年2月15日","28.42","28.31","28.64","28.25","68.17M","-0.28%"
"2008年2月14日","28.50","28.88","29.04","28.46","69.11M","-1.59%"
"2008年2月13日","28.96","28.62","29.05","28.53","88.99M","2.19%"
"2008年2月12日","28.34","28.43","28.62","28.11","84.37M","0.46%"
"2008年2月11日","28.21","28.52","28.61","27.91","156.81M","-1.23%"
"2008年2月8日","28.56","28.29","29.08","28.24","124.87M","1.56%"
"2008年2月7日","28.12","28.34","28.78","27.90","165.27M","-1.40%"
"2008年2月6日","28.52","29.28","29.35","28.29","138.32M","-1.89%"
"2008年2月5日","29.07","29.91","29.94","28.89","137.53M","-3.71%"
"2008年2月4日","30.19","30.49","30.72","30.11","120.00M","-0.85%"
"2008年2月1日","30.45","31.05","33.25","30.25","291.14M","-6.60%"
"2008年1月31日","32.60","31.91","32.74","31.72","103.64M","1.24%"
"2008年1月30日","32.20","32.56","32.80","32.05","106.43M","-1.23%"
"2008年1月29日","32.60","32.85","32.89","32.35","68.02M","-0.37%"
"2008年1月28日","32.72","33.02","33.10","32.42","81.02M","-0.67%"
"2008年1月25日","32.94","34.90","35.00","32.87","196.99M","-0.93%"
"2008年1月24日","33.25","32.35","33.36","32.12","155.64M","4.13%"
"2008年1月23日","31.93","31.48","32.05","31.04","137.66M","-0.19%"
"2008年1月22日","31.99","31.54","32.53","31.50","108.87M","-3.09%"
"2008年1月18日","33.01","33.16","34.00","32.97","117.06M","-0.30%"
"2008年1月17日","33.11","33.54","33.80","32.97","94.25M","-0.36%"
"2008年1月16日","33.23","33.42","33.65","32.51","120.78M","-2.26%"
"2008年1月15日","34.00","34.03","34.38","34.00","61.64M","-1.13%"
"2008年1月14日","34.39","34.46","34.57","34.08","52.79M","1.42%"
"2008年1月11日","33.91","34.14","34.24","33.72","55.20M","-1.22%"
"2008年1月10日","34.33","34.35","34.50","33.78","72.45M","-0.32%"
"2008年1月9日","34.44","33.36","34.54","33.35","74.32M","2.96%"
"2008年1月8日","33.45","34.71","34.71","33.40","79.16M","-3.35%"
"2008年1月7日","34.61","34.55","34.80","34.25","80.17M","0.67%"
"2008年1月4日","34.38","35.19","35.20","34.09","72.09M","-2.80%"
"2008年1月3日","35.37","35.22","35.65","34.86","49.60M","0.43%"
"2008年1月2日","35.22","35.79","35.96","35.00","63.01M","-1.07%"
"2007年12月31日","35.60","35.90","35.99","35.52","35.23M","-1.44%"
"2007年12月28日","36.12","36.10","36.23","35.67","33.45M","0.42%"
"2007年12月27日","35.97","36.35","36.55","35.94","33.32M","-1.75%"
"2007年12月26日","36.61","36.41","36.64","36.26","30.25M","0.08%"
"2007年12月24日","36.58","36.13","36.72","36.05","29.62M","1.44%"
"2007年12月21日","36.06","35.90","36.06","35.75","83.75M","1.52%"
"2007年12月20日","35.52","35.29","35.79","35.08","59.35M","2.10%"
"2007年12月19日","34.79","34.69","35.14","34.38","58.47M","0.14%"
"2007年12月18日","34.74","34.64","35.00","34.21","52.79M","1.02%"
"2007年12月17日","34.39","35.03","35.13","34.36","58.12M","-2.61%"
"2007年12月14日","35.31","35.05","35.84","35.01","71.13M","0.26%"
"2007年12月13日","35.22","34.48","35.45","34.28","73.93M","2.18%"
"2007年12月12日","34.47","34.61","35.09","33.93","63.35M","1.09%"
"2007年12月11日","34.10","34.73","34.99","33.93","55.08M","-1.90%"
"2007年12月10日","34.76","34.64","34.95","34.47","36.08M","0.67%"
"2007年12月7日","34.53","34.61","34.70","34.22","40.77M","-0.06%"
"2007年12月6日","34.55","34.26","34.61","33.87","50.62M","1.17%"
"2007年12月5日","34.15","33.14","34.52","33.03","84.89M","4.21%"
"2007年12月4日","32.77","32.74","33.24","32.63","54.80M","-0.46%"
"2007年12月3日","32.92","33.50","33.64","32.68","61.77M","-2.02%"
"2007年11月30日","33.60","33.92","34.12","33.19","71.03M","0.03%"
"2007年11月29日","33.59","33.58","33.93","33.31","53.63M","-0.33%"
"2007年11月28日","33.70","33.38","33.89","32.90","88.59M","1.94%"
"2007年11月27日","33.06","33.27","33.60","32.68","84.18M","0.27%"
"2007年11月26日","32.97","34.09","34.37","32.93","80.33M","-3.34%"
"2007年11月23日","34.11","34.36","34.44","33.71","33.47M","-0.35%"
"2007年11月21日","34.23","34.40","34.73","34.18","89.52M","-1.01%"
"2007年11月20日","34.58","34.23","34.97","34.10","100.01M","1.83%"
"2007年11月19日","33.96","33.96","34.24","33.87","63.03M","-0.38%"
"2007年11月16日","34.09","33.86","34.26","33.71","71.12M","0.98%"
"2007年11月15日","33.76","33.76","34.10","33.55","64.01M","-0.50%"
"2007年11月14日","33.93","34.62","34.75","33.75","84.06M","-1.54%"
"2007年11月13日","34.46","33.54","34.67","33.38","104.31M","3.24%"
"2007年11月12日","33.38","33.32","33.71","33.02","84.87M","-1.04%"
"2007年11月9日","33.73","34.18","34.54","33.65","125.14M","-2.91%"
"2007年11月8日","34.74","35.60","35.90","34.40","133.75M","-2.20%"
"2007年11月7日","35.52","36.04","36.16","35.45","74.90M","-2.44%"
"2007年11月6日","36.41","36.59","36.66","35.87","100.97M","-0.87%"
"2007年11月5日","36.73","36.76","37.10","36.63","75.49M","-0.89%"
"2007年11月2日","37.06","37.22","37.50","36.42","96.40M","0.00%"
"2007年11月1日","37.06","36.53","37.49","36.36","152.08M","0.68%"
"2007年10月31日","36.81","35.52","37.00","35.51","185.64M","3.49%"
"2007年10月30日","35.57","34.37","35.59","34.35","107.30M","2.89%"
"2007年10月29日","34.57","34.85","35.29","34.45","114.66M","-1.31%"
"2007年10月26日","35.03","36.02","36.03","34.56","288.12M","9.50%"
"2007年10月25日","31.99","31.57","32.22","31.49","169.59M","2.37%"
"2007年10月24日","31.25","30.82","31.30","30.50","77.98M","1.13%"
"2007年10月23日","30.90","30.71","31.12","30.71","49.96M","1.28%"
"2007年10月22日","30.51","30.12","30.70","30.12","58.79M","1.13%"
"2007年10月19日","30.17","31.09","31.09","30.11","75.20M","-3.18%"
"2007年10月18日","31.16","31.22","31.23","30.63","49.22M","0.26%"
"2007年10月17日","31.08","30.75","31.23","30.65","86.09M","2.51%"
"2007年10月16日","30.32","30.24","30.58","30.23","56.29M","0.93%"
"2007年10月15日","30.04","30.10","30.33","30.00","47.15M","-0.43%"
"2007年10月12日","30.17","30.03","30.40","29.95","31.12M","0.87%"
"2007年10月11日","29.91","30.30","30.63","29.79","50.79M","-1.06%"
"2007年10月10日","30.23","30.04","30.37","30.03","32.25M","0.43%"
"2007年10月9日","30.10","30.03","30.39","30.00","63.62M","0.87%"
"2007年10月8日","29.84","29.66","29.85","29.60","30.27M","0.00%"
"2007年10月5日","29.84","29.89","29.99","29.73","45.02M","0.44%"
"2007年10月4日","29.71","29.56","29.77","29.44","37.87M","0.88%"
"2007年10月3日","29.45","29.71","29.85","29.29","37.63M","-0.84%"
"2007年10月2日","29.70","29.70","29.85","29.57","33.71M","-0.24%"
"2007年10月1日","29.77","29.46","29.79","29.41","43.88M","1.05%"
"2007年9月28日","29.46","29.49","29.69","29.23","45.82M","-0.10%"
"2007年9月27日","29.49","29.70","29.72","29.44","43.41M","-0.03%"
"2007年9月26日","29.50","29.68","29.85","29.48","60.34M","-0.20%"
"2007年9月25日","29.56","29.14","29.56","29.11","75.62M","1.65%"
"2007年9月24日","29.08","28.81","29.61","28.80","104.46M","1.50%"
"2007年9月21日","28.65","28.70","28.81","28.44","135.64M","0.81%"
"2007年9月20日","28.42","28.48","28.58","28.34","67.17M","-0.87%"
"2007年9月19日","28.67","28.87","28.91","28.30","94.24M","-0.90%"
"2007年9月18日","28.93","28.70","28.96","28.27","77.47M","0.70%"
"2007年9月17日","28.73","28.79","28.88","28.62","39.54M","-1.07%"
"2007年9月14日","29.04","28.98","29.11","28.88","33.50M","-0.41%"
"2007年9月13日","29.16","29.12","29.26","28.96","35.29M","0.80%"
"2007年9月12日","28.93","28.81","29.17","28.80","42.47M","0.00%"
"2007年9月11日","28.93","28.63","28.95","28.58","34.38M","1.58%"
"2007年9月10日","28.48","28.67","28.75","28.41","37.25M","0.14%"
"2007年9月7日","28.44","28.62","28.83","28.32","52.16M","-1.63%"
"2007年9月6日","28.91","28.56","29.01","28.55","45.43M","1.51%"
"2007年9月5日","28.48","28.65","28.73","28.42","47.67M","-1.15%"
"2007年9月4日","28.81","28.50","29.10","28.48","45.69M","0.28%"
"2007年8月31日","28.73","28.70","28.92","28.36","42.52M","0.98%"
"2007年8月30日","28.45","28.42","28.93","28.32","33.69M","-0.49%"
"2007年8月29日","28.59","28.13","28.61","27.82","45.76M","2.36%"
"2007年8月28日","27.93","28.30","28.49","27.91","43.92M","-1.97%"
"2007年8月27日","28.49","28.61","28.77","28.40","32.79M","-1.11%"
"2007年8月24日","28.81","28.21","28.84","28.07","45.16M","1.80%"
"2007年8月23日","28.30","28.28","28.33","28.10","33.89M","0.28%"
"2007年8月22日","28.22","28.27","28.32","28.01","44.76M","0.53%"
"2007年8月21日","28.07","28.10","28.32","27.87","50.79M","-0.67%"
"2007年8月20日","28.26","28.18","28.49","28.08","49.95M","0.04%"
"2007年8月17日","28.25","28.09","28.25","27.82","76.75M","1.58%"
"2007年8月16日","27.81","27.88","28.35","27.51","81.45M","-1.03%"
"2007年8月15日","28.10","28.24","28.99","28.05","48.12M","-0.60%"
"2007年8月14日","28.27","28.77","28.89","28.20","42.95M","-1.26%"
"2007年8月13日","28.63","28.94","28.99","28.44","55.64M","-0.28%"
"2007年8月10日","28.71","28.90","29.05","28.26","76.58M","-2.01%"
"2007年8月9日","29.30","29.64","30.10","28.92","72.98M","-2.33%"
"2007年8月8日","30.00","29.72","30.01","29.21","52.90M","1.52%"
"2007年8月7日","29.55","29.33","29.79","29.05","49.24M","0.03%"
"2007年8月6日","29.54","29.05","29.54","28.75","59.53M","2.00%"
"2007年8月3日","28.96","29.45","29.78","28.90","61.54M","-1.90%"
"2007年8月2日","29.52","29.19","29.79","29.02","47.99M","0.75%"
"2007年8月1日","29.30","28.95","29.55","28.82","80.01M","1.07%"
"2007年7月31日","28.99","29.71","29.72","28.98","66.69M","-1.39%"
"2007年7月30日","29.40","29.41","29.49","28.95","67.52M","0.03%"
"2007年7月27日","29.39","29.93","30.00","29.36","69.21M","-1.97%"
"2007年7月26日","29.98","30.24","30.53","29.51","87.62M","-2.38%"
"2007年7月25日","30.71","30.99","31.30","30.37","55.08M","-0.29%"
"2007年7月24日","30.80","31.01","31.48","30.71","62.26M","-1.25%"
"2007年7月23日","31.19","31.29","31.52","31.12","48.91M","0.10%"
"2007年7月20日","31.16","31.15","31.20","30.79","98.29M","-1.11%"
"2007年7月19日","31.51","31.05","31.84","30.93","121.17M","1.91%"
"2007年7月18日","30.92","30.51","30.97","30.50","64.44M","0.45%"
"2007年7月17日","30.78","30.02","30.88","30.01","77.54M","2.50%"
"2007年7月16日","30.03","29.76","30.24","29.72","48.02M","0.70%"
"2007年7月13日","29.82","29.94","30.02","29.66","42.17M","-0.83%"
"2007年7月12日","30.07","29.56","30.11","29.44","54.30M","1.97%"
"2007年7月11日","29.49","29.24","29.65","29.21","48.02M","0.55%"
"2007年7月10日","29.33","29.70","29.99","29.18","66.02M","-1.81%"
"2007年7月9日","29.87","29.86","29.95","29.81","33.83M","-0.33%"
"2007年7月6日","29.97","29.91","30.04","29.66","57.54M","-0.07%"
"2007年7月5日","29.99","30.05","30.22","29.83","47.84M","-0.10%"
"2007年7月3日","30.02","29.79","30.22","29.78","35.20M","0.94%"
"2007年7月2日","29.74","29.67","29.80","29.49","47.33M","0.92%"
"2007年6月29日","29.47","29.87","29.93","29.04","71.19M","-1.21%"
"2007年6月28日","29.83","29.86","29.97","29.68","46.19M","-0.13%"
"2007年6月27日","29.87","29.36","29.95","29.36","54.27M","1.19%"
"2007年6月26日","29.52","29.55","29.80","29.50","48.34M","0.10%"
"2007年6月25日","29.49","29.47","29.77","29.38","53.91M","0.00%"
"2007年6月22日","29.49","30.00","30.10","29.45","88.35M","-2.42%"
"2007年6月21日","30.22","29.98","30.30","29.91","57.06M","0.70%"
"2007年6月20日","30.01","30.44","30.51","29.96","47.09M","-1.48%"
"2007年6月19日","30.46","30.48","30.66","30.38","46.80M","-0.16%"
"2007年6月18日","30.51","30.69","30.72","30.42","45.63M","0.07%"
"2007年6月15日","30.49","30.86","30.88","30.43","100.94M","-0.10%"
"2007年6月14日","30.52","30.35","30.71","30.30","59.07M","0.43%"
"2007年6月13日","30.39","29.97","30.41","29.85","64.47M","1.81%"
"2007年6月12日","29.85","29.96","30.24","29.77","56.98M","-0.57%"
"2007年6月11日","30.02","29.94","30.25","29.93","48.49M","-0.10%"
"2007年6月8日","30.05","29.58","30.06","29.41","61.35M","1.45%"
"2007年6月7日","29.62","30.02","30.29","29.59","71.98M","-2.21%"
"2007年6月6日","30.29","30.37","30.53","30.25","38.25M","-0.95%"
"2007年6月5日","30.58","30.62","30.63","30.33","44.29M","-0.42%"
"2007年6月4日","30.71","30.42","30.76","30.40","41.44M","0.39%"
"2007年6月1日","30.59","30.79","30.90","30.55","39.49M","-0.33%"
"2007年5月31日","30.69","31.12","31.16","30.61","86.40M","-1.35%"
"2007年5月30日","31.11","30.55","31.13","30.51","57.45M","1.04%"
"2007年5月29日","30.79","30.49","30.83","30.39","42.38M","1.02%"
"2007年5月25日","30.48","30.28","30.66","30.18","47.73M","1.03%"
"2007年5月24日","30.17","30.54","30.80","29.96","64.05M","-1.34%"
"2007年5月23日","30.58","30.84","30.84","30.57","46.34M","-0.36%"
"2007年5月22日","30.69","30.90","30.93","30.66","40.02M","-1.16%"
"2007年5月21日","31.05","30.73","31.16","30.73","42.55M","0.71%"
"2007年5月18日","30.83","30.97","30.99","30.58","58.45M","-0.48%"
"2007年5月17日","30.98","31.03","31.14","30.96","41.86M","-0.29%"
"2007年5月16日","31.07","31.00","31.09","30.81","45.84M","0.55%"
"2007年5月15日","30.90","30.90","31.09","30.84","75.04M","-0.23%"
"2007年5月14日","30.97","30.84","30.99","30.81","70.29M","0.26%"
"2007年5月11日","30.89","30.57","30.98","30.55","43.65M","1.01%"
"2007年5月10日","30.58","30.68","30.93","30.53","55.40M","-0.65%"
"2007年5月9日","30.78","30.70","30.93","30.57","51.74M","0.10%"
"2007年5月8日","30.75","30.68","30.94","30.58","60.56M","0.13%"
"2007年5月7日","30.71","30.52","30.76","30.48","59.89M","0.49%"
"2007年5月4日","30.56","30.68","30.70","30.29","104.40M","-1.32%"
"2007年5月3日","30.97","30.60","31.00","30.53","82.05M","1.18%"
"2007年5月2日","30.61","30.39","30.69","30.30","81.31M","0.69%"
"2007年5月1日","30.40","29.94","30.42","29.90","74.17M","1.54%"
"2007年4月30日","29.94","30.13","30.37","29.94","67.81M","-0.60%"
"2007年4月27日","30.12","30.17","30.74","30.00","128.32M","3.51%"
"2007年4月26日","29.10","29.09","29.35","28.91","70.00M","0.38%"
"2007年4月25日","28.99","28.86","29.00","28.69","39.49M","0.69%"
"2007年4月24日","28.79","28.79","28.96","28.59","34.24M","0.03%"
"2007年4月23日","28.78","28.96","28.99","28.67","41.99M","-0.83%"
"2007年4月20日","29.02","28.98","29.10","28.70","61.63M","1.15%"
"2007年4月19日","28.69","28.34","28.89","28.26","44.83M","0.31%"
"2007年4月18日","28.60","28.61","28.67","28.36","41.78M","-0.87%"
"2007年4月17日","28.85","28.63","28.89","28.56","33.17M","0.42%"
"2007年4月16日","28.73","28.60","28.75","28.21","30.74M","0.42%"
"2007年4月13日","28.61","28.43","28.70","28.10","36.00M","0.25%"
"2007年4月12日","28.54","28.06","28.62","28.04","43.77M","1.53%"
"2007年4月11日","28.11","28.30","28.57","27.99","44.37M","-1.02%"
"2007年4月10日","28.40","28.50","28.64","28.22","38.64M","-0.60%"
"2007年4月9日","28.57","28.57","28.72","28.39","31.39M","0.07%"
"2007年4月5日","28.55","28.32","28.65","28.30","30.20M","0.18%"
"2007年4月4日","28.50","28.01","28.78","27.90","63.26M","2.26%"
"2007年4月3日","27.87","27.86","28.06","27.75","42.65M","0.47%"
"2007年4月2日","27.74","27.89","27.93","27.56","41.98M","-0.47%"
"2007年3月30日","27.87","27.75","27.95","27.50","47.07M","0.43%"
"2007年3月29日","27.75","27.84","27.84","27.49","42.63M","0.40%"
"2007年3月28日","27.64","27.58","28.00","27.40","49.03M","-0.29%"
"2007年3月27日","27.72","28.04","28.16","27.65","58.98M","-1.77%"
"2007年3月26日","28.22","27.94","28.22","27.70","47.49M","0.71%"
"2007年3月23日","28.02","28.22","28.27","27.80","50.53M","-0.88%"
"2007年3月22日","28.27","28.52","28.55","28.01","49.52M","-0.88%"
"2007年3月21日","28.52","27.89","28.52","27.56","75.80M","2.44%"
"2007年3月20日","27.84","27.93","28.16","27.76","47.92M","0.04%"
"2007年3月19日","27.83","27.34","27.83","27.20","49.42M","1.83%"
"2007年3月16日","27.33","27.35","27.48","27.20","65.08M","0.18%"
"2007年3月15日","27.28","27.32","27.47","27.20","51.76M","-0.44%"
"2007年3月14日","27.40","26.82","27.40","26.73","75.73M","2.54%"
"2007年3月13日","26.72","27.25","27.40","26.71","75.17M","-2.62%"
"2007年3月12日","27.44","27.18","27.48","27.13","36.52M","0.55%"
"2007年3月9日","27.29","27.42","27.48","27.03","80.13M","-0.11%"
"2007年3月8日","27.32","27.72","27.85","26.60","72.21M","-1.05%"
"2007年3月7日","27.61","27.76","27.90","27.55","52.05M","-0.79%"
"2007年3月6日","27.83","27.80","27.94","27.65","49.38M","1.02%"
"2007年3月5日","27.55","27.49","27.91","27.41","56.47M","-0.76%"
"2007年3月2日","27.76","28.02","28.16","27.76","63.26M","-1.17%"
"2007年3月1日","28.09","27.82","28.33","27.73","80.18M","-0.28%"
"2007年2月28日","28.17","27.95","28.25","27.92","86.53M","1.08%"
"2007年2月27日","27.87","28.71","28.97","27.79","87.69M","-4.13%"
"2007年2月26日","29.07","28.96","29.12","28.82","63.53M","0.59%"
"2007年2月23日","28.90","29.22","29.28","28.89","63.86M","-1.67%"
"2007年2月22日","29.39","29.30","29.54","29.16","57.77M","0.14%"
"2007年2月21日","29.35","28.75","29.39","28.74","68.62M","1.80%"
"2007年2月20日","28.83","28.63","28.86","28.47","53.99M","0.31%"
"2007年2月16日","28.74","28.91","28.94","28.65","109.38M","-2.44%"
"2007年2月15日","29.46","29.58","29.65","29.22","63.95M","0.20%"
"2007年2月14日","29.40","29.17","29.69","29.15","55.59M","1.34%"
"2007年2月13日","29.01","29.04","29.20","28.96","51.76M","0.24%"
"2007年2月12日","28.94","28.89","29.09","28.83","52.81M","-0.14%"
"2007年2月9日","28.98","29.35","29.40","28.93","69.83M","-0.96%"
"2007年2月8日","29.26","29.24","29.80","29.20","48.76M","-0.37%"
"2007年2月7日","29.37","29.64","29.70","29.25","65.15M","-0.47%"
"2007年2月6日","29.51","29.59","29.75","29.22","79.32M","-0.34%"
"2007年2月5日","29.61","29.97","30.02","29.41","99.94M","-1.92%"
"2007年2月2日","30.19","30.82","30.84","30.13","60.44M","-1.21%"
"2007年2月1日","30.56","30.84","30.94","30.37","55.37M","-0.97%"
"2007年1月31日","30.86","30.41","31.10","30.35","74.02M","1.25%"
"2007年1月30日","30.48","30.57","30.64","30.14","61.92M","-0.16%"
"2007年1月29日","30.53","30.65","30.78","30.34","57.62M","-0.23%"
"2007年1月26日","30.60","31.22","31.23","30.60","96.12M","0.49%"
"2007年1月25日","30.45","31.08","31.48","30.45","99.38M","-2.06%"
"2007年1月24日","31.09","30.78","31.30","30.65","58.55M","1.14%"
"2007年1月23日","30.74","30.63","30.96","30.52","49.19M","0.07%"
"2007年1月22日","30.72","31.06","31.12","30.51","56.15M","-1.25%"
"2007年1月19日","31.11","30.73","31.11","30.69","75.84M","0.35%"
"2007年1月18日","31.00","31.15","31.37","30.80","56.38M","-0.32%"
"2007年1月17日","31.10","31.26","31.44","31.01","58.57M","-0.19%"
"2007年1月16日","31.16","31.26","31.45","31.03","62.44M","-0.16%"
"2007年1月12日","31.21","30.65","31.39","30.64","103.98M","1.66%"
"2007年1月11日","30.70","29.76","30.75","29.65","99.49M","3.51%"
"2007年1月10日","29.66","29.80","29.89","29.43","55.05M","-1.00%"
"2007年1月9日","29.96","30.00","30.18","29.73","44.68M","0.10%"
"2007年1月8日","29.93","29.65","30.10","29.53","50.23M","0.98%"
"2007年1月5日","29.64","29.63","29.75","29.45","44.68M","-0.57%"
"2007年1月4日","29.81","29.70","29.97","29.44","46.12M","-0.17%"
"2007年1月3日","29.86","29.91","30.25","29.40","77.57M","0.00%"
"2006年12月29日","29.86","29.86","30.15","29.83","41.76M","-0.40%"
"2006年12月28日","29.98","29.86","30.03","29.81","27.57M","-0.13%"
"2006年12月27日","30.02","29.99","30.13","29.91","31.25M","0.10%"
"2006年12月26日","29.99","29.53","30.00","29.40","37.10M","1.18%"
"2006年12月22日","29.64","29.82","29.86","29.62","37.97M","-1.13%"
"2006年12月21日","29.98","30.13","30.14","29.89","32.27M","-0.37%"
"2006年12月20日","30.09","29.99","30.24","29.97","31.81M","0.33%"
"2006年12月19日","29.99","29.71","30.17","29.53","53.83M","0.33%"
"2006年12月18日","29.89","30.19","30.26","29.78","56.99M","-0.99%"
"2006年12月15日","30.19","30.14","30.23","30.03","103.65M","0.40%"
"2006年12月14日","30.07","29.54","30.08","29.52","85.88M","1.76%"
"2006年12月13日","29.55","29.60","29.60","29.32","46.02M","0.41%"
"2006年12月12日","29.43","29.56","29.63","29.22","68.87M","-0.37%"
"2006年12月11日","29.54","29.19","29.75","29.11","107.73M","0.48%"
"2006年12月8日","29.40","28.82","29.40","28.80","108.87M","1.91%"
"2006年12月7日","28.85","28.96","29.07","28.81","46.83M","-0.48%"
"2006年12月6日","28.99","29.09","29.13","28.87","48.59M","-0.48%"
"2006年12月5日","29.13","29.36","29.40","29.03","45.61M","-0.68%"
"2006年12月4日","29.33","29.23","29.52","29.17","56.46M","0.72%"
"2006年12月1日","29.12","29.23","29.30","28.90","72.26M","-0.82%"
"2006年11月30日","29.36","29.42","29.57","29.33","53.36M","-0.71%"
"2006年11月29日","29.57","29.44","29.78","29.43","58.78M","0.61%"
"2006年11月28日","29.39","29.34","29.42","29.13","52.80M","-0.31%"
"2006年11月27日","29.48","29.69","29.74","29.33","72.72M","-0.94%"
"2006年11月24日","29.76","29.66","29.84","29.64","20.47M","-0.53%"
"2006年11月22日","29.92","29.97","30.00","29.82","44.14M","0.00%"
"2006年11月21日","29.92","29.91","30.00","29.79","66.47M","0.10%"
"2006年11月20日","29.89","29.52","30.00","29.50","85.73M","1.67%"
"2006年11月17日","29.40","29.31","29.54","29.28","49.36M","-0.24%"
"2006年11月16日","29.47","29.14","29.64","29.13","64.33M","1.20%"
"2006年11月15日","29.12","29.12","29.36","29.11","63.99M","-0.38%"
"2006年11月14日","29.23","29.28","29.42","29.07","63.02M","-0.41%"
"2006年11月13日","29.35","29.19","29.46","29.16","47.28M","0.38%"
"2006年11月10日","29.24","29.17","29.29","29.15","37.86M","-0.07%"
"2006年11月9日","29.26","29.11","29.40","29.00","89.41M","0.97%"
"2006年11月8日","28.98","28.78","29.23","28.66","79.15M","0.10%"
"2006年11月7日","28.95","28.86","29.07","28.80","56.52M","0.38%"
"2006年11月6日","28.84","28.77","29.05","28.76","60.45M","0.38%"
"2006年11月3日","28.73","28.85","28.93","28.61","41.13M","-0.14%"
"2006年11月2日","28.77","28.71","28.86","28.58","58.67M","-0.14%"
"2006年11月1日","28.81","28.78","28.99","28.70","75.96M","0.35%"
"2006年10月31日","28.71","28.66","28.85","28.56","61.95M","0.63%"
"2006年10月30日","28.53","28.35","28.84","28.32","47.30M","0.67%"
"2006年10月27日","28.34","28.49","28.79","28.25","89.06M","-0.04%"
"2006年10月26日","28.35","28.33","28.41","28.04","70.16M","0.14%"
"2006年10月25日","28.31","28.28","28.46","28.14","40.72M","0.11%"
"2006年10月24日","28.28","28.43","28.43","28.13","57.41M","-0.60%"
"2006年10月23日","28.45","28.30","28.69","28.18","48.65M","0.07%"
"2006年10月20日","28.43","28.48","28.49","28.17","48.91M","0.49%"